リモート環境だと翻訳メモリの表示がうまくいっていない（ヒットなしになる）

---

ログを残して

---

psuhして

---

vercel のログにアクセスできる？

---

https://vercel.com/harusame-dev-team/formawork-ai-web/logs?selectedLogId=rk8v6-1782845100996-dd0ea7e1cbe8&panelState=opened&search=getSegmentAssist

---

Background agent "翻訳メモリ検索の実装調査" was stopped by the user.

---

2026-06-30 18:49:50.196 [info] {"level":"error","time":"2026-06-30T18:49:50.188Z","pid":4,"hostname":"169.254.14.19","application":"FORMAWORK.ai","environment":"development","service":"web","codeLocation":"getSegmentAssist","deploymentId":"dpl_F8QL6ayXna1tA6XzSvmLJ8H2tv8a","gitCommitSha":"8c68000a1f715c741ff0588d0b4a7226ae7a6999","hostname":"formawork-ai-q71wc5ct2-harusame-dev-team.vercel.app","ipAddress":"120.75.60.66","requestId":"35389663-7514-4311-b9d7-b44aa4ec281b","userAgent":"Mozilla/5.0 (Macintosh; Intel Mac OS X 10_15_7) AppleWebKit/537.36 (KHTML, like Gecko) Chrome/149.0.0.0 Safari/537.36","userId":"6379a96c-b8fb-4885-8b7d-5096e34ed0ac","err":{"type":"Object","message":"Failed query: select \"formawork_ai_web_crawdworks_13271198\".\"translation_memories\".\"id\", \"formawork_ai_web_crawdworks_13271198\".\"projects\".\"name\", 1 - (\"formawork_ai_web_crawdworks_13271198\".\"translation_memories\".\"source_embedding\" <=> $1::extensions.vector), \"formawork_ai_web_crawdworks_13271198\".\"translation_memories\".\"source_text\", \"formawork_ai_web_crawdworks_13271198\".\"translation_memories\".\"target_text\" from \"formawork_ai_web_crawdworks_13271198\".\"translation_memories\" inner join \"formawork_ai_web_crawdworks_13271198\".\"projects\" on \"formawork_ai_web_crawdworks_13271198\".\"projects\".\"id\" = \"formawork_ai_web_crawdworks_13271198\".\"translation_memories\".\"project_id\" where (\"formawork_ai_web_crawdworks_13271198\".\"translation_memories\".\"project_id\" = $2 and 1 - (\"formawork_ai_web_crawdworks_13271198\".\"translation_memories\".\"source_embedding\" <=> $3::extensions.vector) >= $4) order by \"formawork_ai_web_crawdworks_13271198\".\"translation_memories\".\"source_embedding\" <=> $5::extensions.vector limit $6\nparams: [0.018890380859375,0.0158233642578125,-0.045867919921875,-0.005435943603515625,-0.04693603515625,-0.022216796875,0.012298583984375,0.029632568359375,0.003002166748046875,-0.01983642578125,0.00914764404296875,-0.040802001953125,-0.0011377334594726562,0.0302734375,-0.0281524658203125,-0.0062713623046875,-0.016632080078125,-0.013824462890625,-0.030059814453125,-0.01424407958984375,-0.027435302734375,-0.0005946159362792969,0.043487548828125,0.0026416778564453125,0.038848876953125,-0.011962890625,-0.0165252685546875,-0.01080322265625,0.04156494140625,0.01214599609375,0.025543212890625,-0.022705078125,0.0614013671875,-0.01221466064453125,0.016998291015625,0.00881195068359375,0.037506103515625,0.012969970703125,0.0279541015625,0.004436492919921875,-0.049835205078125,-0.038116455078125,-0.00437164306640625,-0.006927490234375,0.0257415771484375,0.065185546875,-0.0262603759765625,-0.0179443359375,-0.01157379150390625,0.026275634765625,-0.0159149169921875,-0.039031982421875,0.0062103271484375,-0.037353515625,0.0257415771484375,0.00952911376953125,0.051727294921875,0.0149688720703125,0.062225341796875,0.022491455078125,0.045501708984375,-0.0718994140625,0.01508331298828125,-0.0259246826171875,-0.04718017578125,-0.0249481201171875,0.022796630859375,0.0240020751953125,-0.0284881591796875,-0.022369384765625,-0.01800537109375,-0.0278167724609375,-0.0264129638671875,0.019561767578125,-0.043609619140625,-0.01194000244140625,0.01555633544921875,0.0190277099609375,0.05169677734375,-0.00012373924255371094,-0.040252685546875,0.03009033203125,-0.0225067138671875,-0.01340484619140625,0.0011196136474609375,0.004177093505859375,0.0024127960205078125,-0.0090484619140625,-0.01056671142578125,0.0014486312866210938,-0.05780029296875,0.009490966796875,0.02264404296875,0.04248046875,-0.041259765625,0.04144287109375,0.0103759765625,-0.0173187255859375,-0.045654296875,0.046417236328125,0.07550048828125,0.0114898681640625,0.023223876953125,-0.0171051025390625,-0.0194091796875,-0.077392578125,-0.09344482421875,-0.01263427734375,-0.02740478515625,0.0187530517578125,0.0430908203125,-0.05804443359375,-0.11083984375,0.014190673828125,-0.0211181640625,-0.0009489059448242188,-0.034271240234375,0.01169586181640625,0.005023956298828125,0.030426025390625,-0.041046142578125,0.00487518310546875,0.024261474609375,-0.04144287109375,-0.0191192626953125,0.033294677734375,-0.006595611572265625,0.037353515625,-0.055877685546875,-0.041168212890625,0.002254486083984375,-0.0202789306640625,0.048583984375,0.007137298583984375,0.035125732421875,-0.00605010986328125,-0.023895263671875,0.015838623046875,-0.008331298828125,-0.031829833984375,0.00031876564025878906,-0.014251708984375,0.0027904510498046875,-0.00688934326171875,-0.060028076171875,0.03631591796875,-0.01265716552734375,0.0236968994140625,-0.0263214111328125,0.026947021484375,-0.01107025146484375,0.0095367431640625,-0.030609130859375,-0.01496124267578125,-0.0036220550537109375,0.049652099609375,0.002777099609375,0.022735595703125,-0.0302734375,0.02392578125,0.0221099853515625,0.01103973388671875,-0.0184783935546875,-0.016021728515625,-0.016448974609375,-0.057342529296875,0.0152435302734375,0.024200439453125,-0.03680419921875,-0.01555633544921875,0.0311126708984375,0.0062103271484375,0.00850677490234375,-0.0433349609375,0.0077362060546875,0.028717041015625,0.027008056640625,-0.06622314453125,0.044097900390625,0.00992584228515625,0.044097900390625,0.01654052734375,-0.040618896484375,-0.0097503662109375,-0.01395416259765625,-0.0408935546875,-0.034149169921875,0.011199951171875,-0.007537841796875,-0.0460205078125,0.01163482666015625,-0.029632568359375,0.005092620849609375,-0.0049285888671875,-0.0175628662109375,-0.043792724609375,-0.0130157470703125,-0.039947509765625,0.01078033447265625,-0.0155029296875,0.040313720703125,-0.062103271484375,0.00307464599609375,0.00974273681640625,-0.0175018310546875,0.01123046875,-0.029693603515625,0.026763916015625,-0.0010557174682617188,-0.00836944580078125,0.0177154541015625,-0.0088043212890625,-0.02911376953125,0.035491943359375,0.027191162109375,0.035888671875,0.016387939453125,0.01235198974609375,-0.031890869140625,0.0164031982421875,-0.01457977294921875,0.006626129150390625,0.0008435249328613281,0.046661376953125,-0.052825927734375,0.059173583984375,-0.03619384765625,-0.007526397705078125,0.0036830902099609375,-0.00357818603515625,0.002910614013671875,-0.01190948486328125,-0.01143646240234375,-0.005855560302734375,0.0243072509765625,0.00215911865234375,-0.0017423629760742188,-0.0267486572265625,0.0033245086669921875,-0.0250244140625,-0.0049896240234375,-0.006725311279296875,-0.0216217041015625,0.0322265625,0.0214996337890625,-0.0129547119140625,0.0168914794921875,0.01397705078125,0.02447509765625,0.0279388427734375,0.03173828125,0.01316070556640625,-0.006439208984375,-0.035003662109375,-0.018890380859375,0.015380859375,-0.0355224609375,0.0299224853515625,-0.011260986328125,-0.024566650390625,0.0219268798828125,-0.0040435791015625,-0.037261962890625,-0.021484375,0.0111846923828125,0.04669189453125,0.070068359375,0.027313232421875,0.00649261474609375,-0.0241851806640625,0.0574951171875,-0.0178070068359375,-0.042388916015625,0.0372314453125,-0.022857666015625,0.00400543212890625,-0.051849365234375,0.044189453125,0.004055023193359375,0.0152130126953125,-0.0253143310546875,-0.05108642578125,-0.0325927734375,-0.0814208984375,-0.0294036865234375,-0.01119232177734375,0.040374755859375,0.032196044921875,0.0029354095458984375,0.0077362060546875,0.0234222412109375,-0.0237274169921875,0.0004734992980957031,0.017822265625,0.004390716552734375,-0.001537322998046875,0.00604248046875,-0.003314971923828125,-0.04486083984375,-0.010955810546875,0.0006422996520996094,-0.0174560546875,-0.03399658203125,0.0234222412109375,-0.0030059814453125,0.034271240234375,-0.00637054443359375,-0.033203125,-0.007305145263671875,-0.060546875,-0.00811767578125,0.0264129638671875,-0.048095703125,-0.04541015625,0.0232391357421875,-0.050750732421875,0.029632568359375,0.0226287841796875,0.023223876953125,0.00751495361328125,-0.0218048095703125,-0.055206298828125,-0.0491943359375,0.0008721351623535156,-0.018798828125,0.0158538818359375,0.0020999908447265625,-0.0218505859375,0.03955078125,0.020965576171875,-0.00534820556640625,-0.036590576171875,0.0268096923828125,-0.0247802734375,0.02459716796875,0.0419921875,-0.0016269683837890625,0.005863189697265625,0.01233673095703125,-0.0236663818359375,0.040924072265625,-0.029510498046875,0.003631591796875,-0.01137542724609375,0.02484130859375,-0.07037353515625,0.0104827880859375,-0.05938720703125,0.02447509765625,-0.0032634735107421875,0.01006317138671875,-0.0183868408203125,-0.0035552978515625,-0.011016845703125,0.0300140380859375,-0.0203857421875,0.06756591796875,0.0272216796875,-0.04095458984375,-0.035888671875,-0.0299835205078125,-0.006317138671875,0.00640106201171875,-0.0479736328125,-0.043487548828125,-0.02142333984375,0.00452423095703125,-0.003177642822265625,-0.01251220703125,-0.005046844482421875,0.0302734375,0.04132080078125,-0.00927734375,-0.0128326416015625,-0.025909423828125,-0.046173095703125,-0.0217742919921875,0.016204833984375,0.017120361328125,-0.00311279296875,-0.0115203857421875,-0.0160369873046875,-0.0215606689453125,-0.004344940185546875,0.0189666748046875,0.0014925003051757812,-0.01519775390625,0.0244140625,0.01922607421875,-0.0731201171875,-0.03594970703125,-0.0036602020263671875,0.0230865478515625,0.0291748046875,-0.00653076171875,0.045135498046875,0.047576904296875,0.04229736328125,-0.0007309913635253906,-0.01776123046875,-0.0034770965576171875,-0.00341033935546875,-0.03875732421875,0.07818603515625,-0.0197601318359375,0.0251312255859375,0.005069732666015625,0.0205535888671875,0.0215911865234375,0.035888671875,0.043212890625,-0.03826904296875,0.01654052734375,-0.021209716796875,-0.0100250244140625,-0.00983428955078125,0.00896453857421875,-0.00958251953125,0.01538848876953125,-0.0182342529296875,0.007381439208984375,-0.046600341796875,-0.0333251953125,0.0007853507995605469,-0.0204925537109375,-0.0213165283203125,-0.0240631103515625,-0.0240631103515625,0.0241851806640625,-0.0300140380859375,-0.005428314208984375,0.00616455078125,0.0121002197265625,-0.00713348388671875,0.00135040283203125,-0.03289794921875,-0.04852294921875,-0.0159759521484375,0.0177001953125,0.002910614013671875,-0.0237579345703125,0.001708984375,-0.0071258544921875,0.045135498046875,-0.009246826171875,0.007511138916015625,-0.033203125,0.041168212890625,0.01305389404296875,-0.0120391845703125,-0.014495849609375,0.003021240234375,-0.04840087890625,0.0006999969482421875,0.0251312255859375,0.005702972412109375,0.0312347412109375,-0.0704345703125,0.01361846923828125,-0.005706787109375,0.0029468536376953125,0.002857208251953125,-0.04827880859375,0.0107421875,-0.04095458984375,-0.02880859375,0.022216796875,0.03900146484375,-0.0023059844970703125,-0.0303497314453125,-0.0168914794921875,0.01302337646484375,0.062347412109375,-0.0179443359375,0.0177001953125,0.0440673828125,0.0237274169921875,-0.043121337890625,-0.037567138671875,-0.0009713172912597656,-0.005947113037109375,-0.00484466552734375,0.0244903564453125,0.006282806396484375,-0.018218994140625,0.14794921875,0.0233917236328125,0.03173828125,-0.06402587890625,-0.055694580078125,0.0276031494140625,-0.0501708984375,0.043212890625,-0.00606536865234375,0.03387451171875,0.040374755859375,-0.01021575927734375,-0.00262451171875,-0.025421142578125,0.016357421875,0.0169830322265625,-0.047393798828125,0.038604736328125,-0.03033447265625,0.0152130126953125,-0.003021240234375,0.006702423095703125,0.01161956787109375,0.01436614990234375,0.0447998046875,0.0014333724975585938,0.018951416015625,0.01093292236328125,-0.0029659271240234375,-0.01230621337890625,-0.0035152435302734375,-0.006725311279296875,0.036895751953125,-0.018035888671875,-0.0032558441162109375,0.01678466796875,0.00424957275390625,0.0222320556640625,0.009490966796875,0.00843048095703125,0.00385284423828125,-0.010406494140625,-0.056304931640625,-0.006244659423828125,-0.0168914794921875,0.0256195068359375,0.0330810546875,0.0008234977722167969,0.0133819580078125,-0.0095977783203125,-0.050384521484375,0.0137481689453125,-0.0175933837890625,-0.0111846923828125,0.0172119140625,0.0290985107421875,-0.021728515625,-0.00649261474609375,-0.01227569580078125,-0.040740966796875,0.03302001953125,0.0182647705078125,0.0038547515869140625,0.02838134765625,0.022857666015625,0.0400390625,0.016632080078125,0.0189056396484375,0.007259368896484375,0.008941650390625,-0.0138397216796875,-0.0264434814453125,-0.0178985595703125,-0.0299835205078125,-0.033172607421875,-0.006439208984375,0.020050048828125,-0.0227508544921875,-0.00859832763671875,-0.0006198883056640625,0.0180816650390625,-0.0177764892578125,-0.00833892822265625,-0.053497314453125,-0.033966064453125,-0.079833984375,0.039031982421875,-0.00894927978515625,0.0576171875,0.0232086181640625,-0.0257568359375,0.069091796875,-0.01221466064453125,0.020050048828125,-0.026580810546875,0.00809478759765625,-0.02294921875,-0.01390838623046875,-0.0170745849609375,-0.0516357421875,-0.016357421875,-0.0105438232421875,-0.0248260498046875,-0.005527496337890625,0.0088958740234375,0.0280303955078125,-0.003810882568359375,0.006866455078125,0.00244140625,0.01480865478515625,0.0015611648559570312,-0.0016527175903320312,0.03594970703125,0.0023059844970703125,-0.0186004638671875,-0.004726409912109375,0.01922607421875,0.0162200927734375,0.03271484375,-0.039886474609375,-0.03955078125,0.00922393798828125,-0.0021038055419921875,-0.0137176513671875,-0.0308990478515625,0.016265869140625,0.054443359375,0.0012712478637695312,0.035003662109375,-0.048248291015625,0.01082611083984375,0.0037212371826171875,0.0106658935546875,0.005786895751953125,0.0235137939453125,-0.01242828369140625,0.0352783203125,0.00949859619140625,-0.024261474609375,-0.0096282958984375,0.0005121231079101562,-0.00722503662109375,-0.03533935546875,0.006793975830078125,-0.01511383056640625,-0.0130462646484375,-0.0023899078369140625,0.0005354881286621094,0.02587890625,0.040618896484375,-0.012542724609375,0.007061004638671875,-0.0217742919921875,-0.049407958984375,0.0010137557983398438,-0.004894256591796875,0.02545166015625,0.01134490966796875,-0.059356689453125,0.0092010498046875,0.00258636474609375,0.01953125,0.024444580078125,-0.0027561187744140625,-0.0026493072509765625,0.0499267578125,-0.003360748291015625,0.00572967529296875,-0.0094757080078125,0.005031585693359375,0.03265380859375,-0.0328369140625,0.02276611328125,-0.00922393798828125,-0.0221405029296875,0.0082244873046875,-0.02764892578125,0.00611114501953125,0.01033782958984375,0.01617431640625,0.0361328125,0.0244140625,-0.00909423828125,0.0156707763671875,0.026092529296875,0.052886962890625,0.0226898193359375,-0.015960693359375,0.0009012222290039062,-0.016693115234375,-0.026519775390625,0.0072784423828125,-0.0237884521484375,-0.038848876953125,0.034332275390625,-0.0126953125,0.0457763671875,-0.0198974609375,-0.046356201171875,-0.0175933837890625,-0.00112152099609375,0.01560211181640625,0.0426025390625,0.004535675048828125,-0.0038890838623046875,-0.016326904296875,-0.005764007568359375,-0.003215789794921875,-0.037841796875,-0.00157928466796875,-0.036041259765625,0.045623779296875,0.006778717041015625,0.0101165771484375,0.07818603515625,0.00958251953125,0.01158905029296875,0.019622802734375,0.028839111328125,-0.01446533203125,-0.01849365234375,-0.0136566162109375,-0.03912353515625,-0.0216064453125,-0.005252838134765625,0.0192413330078125,0.0184783935546875,-0.019744873046875,-0.00672149658203125,0.0232086181640625,0.0252838134765625,0.0187225341796875,0.023773193359375,-0.00226593017578125,0.00044989585876464844,0.0099945068359375,-0.017730712890625,-0.044769287109375,0.0196990966796875,0.00452423095703125,0.00852203369140625,0.007740020751953125,0.012451171875,-0.0097198486328125,-0.032867431640625,-0.020904541015625,-0.025604248046875,-0.00649261474609375,-0.001399993896484375,0.0225830078125,0.00408172607421875,-0.0166168212890625,-0.0277557373046875,0.0172119140625,-0.038665771484375,0.006275177001953125,0.0308380126953125,0.0014095306396484375,0.01519775390625,0.0015649795532226562,0.025146484375,0.004711151123046875,0.030426025390625,-0.0249786376953125,0.01546478271484375,-0.00583648681640625,0.003932952880859375,-0.06500244140625,-0.0234527587890625,0.0265045166015625,-0.03607177734375,0.013641357421875,-0.00653839111328125,0.0257568359375,-0.0022106170654296875,0.036468505859375,0.00592803955078125,0.0157318115234375,0.0085601806640625,0.0148773193359375,0.0019817352294921875,0.0011310577392578125,-0.0035400390625,-0.0299530029296875,-0.0010786056518554688,0.04278564453125,-0.06536865234375,-0.0277862548828125,0.0129547119140625,0.0219573974609375,0.0169219970703125,-0.037689208984375,-0.0091705322265625,0.002597808837890625,-0.00024962425231933594,0.029388427734375,0.0215301513671875,-0.01232147216796875,0.0161895751953125,-0.00934600830078125,0.0105133056640625,-0.0335693359375,-0.0230560302734375,-0.00562286376953125,0.00417327880859375,-0.0009016990661621094,0.00926971435546875,-0.005107879638671875,-0.0418701171875,-0.00728607177734375,0.0394287109375,-0.00440216064453125,-0.026458740234375,0.051605224609375,0.0264129638671875,0.0083770751953125,-0.007411956787109375,-0.039947509765625,0.0001533031463623047,-0.01174163818359375,0.01464080810546875,-0.050506591796875,0.0194549560546875,-0.019683837890625,-0.0184173583984375,-0.0222015380859375,0.01385498046875,0.033843994140625,0.0164794921875,-0.0076904296875,0.045654296875,-0.00661468505859375,0.0246429443359375,0.0197296142578125,0.01678466796875,-0.0195159912109375,0.01174163818359375,0.023834228515625,-0.00963592529296875,-0.00921630859375,0.01154327392578125,-0.01009368896484375,0.00537109375,0.0106048583984375,0.006805419921875,-0.0340576171875,0.0312347412109375,-0.00315093994140625,0.006290435791015625,-0.020721435546875,-0.0023517608642578125,-0.0277557373046875,0.02813720703125,0.01076507568359375,0.036956787109375,0.0149383544921875,-0.00748443603515625,-0.026947021484375,-0.01308441162109375,0.00926971435546875,0.01546478271484375,-0.0098724365234375,0.0171966552734375,-0.002788543701171875,-0.01409149169921875,-0.047332763671875,-0.0065155029296875,-0.022491455078125,-0.0089111328125,-0.02099609375,-0.0227508544921875,0.007244110107421875,0.019287109375,0.040924072265625,-0.02227783203125,-0.017730712890625,0.049530029296875,-0.040618896484375,0.00855255126953125,-0.0120391845703125,-0.023345947265625,0.00994873046875,-0.003704071044921875,0.051025390625,-0.0012454986572265625,-0.0035495758056640625,-0.0160369873046875,-0.019500732421875,-0.036285400390625,-0.00865936279296875,0.0252532958984375,-0.00782012939453125,0.043487548828125,0.005214691162109375,0.012908935546875,0.034942626953125,-0.01317596435546875,0.03887939453125,0.0019083023071289062,0.0205841064453125,0.00853729248046875,-0.03973388671875,0.042266845703125,0.029937744140625,-0.0021038055419921875,-0.0361328125,-0.033843994140625,-0.035064697265625,-0.004085540771484375,-0.01555633544921875,-0.0265350341796875,-0.0045166015625,-0.008453369140625,0.036956787109375,-0.0177154541015625,-0.05615234375,0.0143890380859375,0.00323486328125,0.03363037109375,-0.0200653076171875,0.0257415771484375,0.0284423828125,0.0228118896484375,-0.001766204833984375,0.03350830078125,0.0116119384765625,0.005809783935546875,-0.012420654296875,-0.029449462890625,-0.04876708984375,0.029449462890625,0.001232147216796875,0.007537841796875,0.031951904296875,-0.01247406005859375,0.006011962890625,-0.0447998046875,0.0276641845703125,0.02410888671875,0.004390716552734375,0.00606536865234375,-0.0025119781494140625,0.0321044921875,0.0067901611328125,-0.00867462158203125,0.029022216796875,0.005672454833984375,-0.01349639892578125,0.003971099853515625,-0.0017499923706054688,-0.0160980224609375,-0.0093841552734375,-0.00952911376953125,0.036041259765625,-0.041168212890625,-0.0085906982421875,0.004680633544921875,-0.01244354248046875,-0.043243408203125,-0.01071929931640625,-0.004901885986328125,-0.0048675537109375,-0.00606536865234375,0.00533294677734375,-0.0155029296875,-0.0394287109375,0.007091522216796875,0.038787841796875,-0.0026111602783203125,-0.00278472900390625,-0.00646209716796875,0.0096588134765625,-0.0203857421875,0.017425537109375,-0.01313018798828125,-0.0033283233642578125,-0.03570556640625,-0.01036834716796875,-0.0256195068359375,-0.00739288330078125,-0.030364990234375,-0.0011739730834960938,-0.01181793212890625,0.0031280517578125,0.023406982421875,-0.00640869140625,0.04107666015625,0.0269775390625,-0.0037250518798828125,-0.01043701171875,0.0325927734375,0.050201416015625,-0.007495880126953125,0.01146697998046875,-0.0096282958984375,-0.00875091552734375,-0.004627227783203125,0.00452423095703125,0.038116455078125,-0.0214996337890625,0.050079345703125,0.0107269287109375,-0.018402099609375,0.027496337890625,0.03863525390625,-0.0269775390625,0.034576416015625,0.018280029296875,0.0004906654357910156,-0.025146484375,0.00836181640625,0.013641357421875,0.0118865966796875,-0.0249786376953125,-0.054107666015625,-0.0168304443359375,0.01255035400390625,0.00020110607147216797,-0.017059326171875,-0.0039825439453125,0.033966064453125,0.06353759765625,0.0164031982421875,0.026702880859375,0.06634521484375,-0.01000213623046875,0.001911163330078125,-0.0036678314208984375,0.03594970703125,0.00411224365234375,-0.031463623046875,-0.0011577606201171875,-0.0017871856689453125,-0.016632080078125,-0.021484375,-0.02166748046875,-0.005886077880859375,0.0060882568359375,-0.04144287109375,0.0244140625,-0.00612640380859375,0.002475738525390625,-0.01461029052734375,0.01174163818359375,0.02398681640625,-0.0294952392578125,0.0162506103515625,-0.0269927978515625,0.007411956787109375,0.006824493408203125,-0.0245361328125,-0.008392333984375,0.007904052734375,0.00002777576446533203,-0.0521240234375,0.0121612548828125,-0.00040531158447265625,0.016021728515625,-0.027069091796875,0.0478515625,0.0076141357421875,-0.034454345703125,-0.01111602783203125,0.00940704345703125,-0.0025730133056640625,-0.0120391845703125,0.004718780517578125,0.00885772705078125,-0.0014400482177734375,0.024444580078125,0.01471710205078125,0.01751708984375,-0.0062713623046875,-0.0089263916015625,0.0037136077880859375,-0.01215362548828125,-0.0071868896484375,0.019439697265625,0.00421142578125,0.01068878173828125,0.0029087066650390625,-0.005825042724609375,0.00691986083984375,-0.0080108642578125,-0.0196380615234375,0.01023101806640625,0.012420654296875,0.0310821533203125,-0.01110076904296875,0.024139404296875,-0.005519866943359375,-0.037750244140625,-0.0033321380615234375,0.00177001953125,-0.0265655517578125,-0.0263824462890625,0.0340576171875,-0.00870513916015625,0.01076507568359375,0.045379638671875,0.053802490234375,-0.00046324729919433594,0.038116455078125,0.01277923583984375,0.016632080078125,-0.013519287109375,0.002628326416015625,-0.014190673828125,0.005451202392578125,0.05291748046875,-0.01264190673828125,0.008209228515625,-0.002349853515625,-0.0171356201171875,-0.007785797119140625,-0.0096588134765625,-0.01898193359375,0.0012044906616210938,0.030548095703125,-0.01097869873046875,0.004886627197265625,0.001049041748046875,0.01812744140625,-0.0204925537109375,0.026641845703125,0.00536346435546875,0.0295562744140625,0.0159454345703125,0.01275634765625,0.0147247314453125,0.015472412109375,0.0278167724609375,0.0479736328125,-0.0107421875,0.00788116455078125,-0.0024776458740234375,-0.0203704833984375,0.004199981689453125,-0.0001417398452758789,0.010467529296875,-0.030242919921875,0.0025691986083984375,0.0067596435546875,-0.003360748291015625,0.039794921875,0.00891876220703125,0.004154205322265625,-0.032318115234375,-0.050506591796875,-0.019500732421875,-0.02154541015625,0.0287322998046875,-0.005489349365234375,0.01146697998046875,-0.0162506103515625,0.03253173828125,-0.0040740966796875,-0.025421142578125,-0.0023555755615234375,0.020660400390625,-0.0291748046875,-0.034637451171875,0.0540771484375,-0.018341064453125,0.0017547607421875,-0.0323486328125,-0.031951904296875,0.0231781005859375,0.0096435546875,-0.005107879638671875,-0.006435394287109375,-0.00902557373046875,0.0282135009765625,0.00945281982421875,0.017578125,0.040130615234375,0.0171051025390625,0.004711151123046875,-0.0157623291015625,-0.034454345703125,-0.0200958251953125,-0.0184173583984375,0.0267181396484375,-0.0083770751953125,0.040374755859375,-0.0047760009765625,-0.01387786865234375,0.0048675537109375,-0.00482177734375,0.00490570068359375,0.034210205078125,0.026153564453125,-0.00936126708984375,0.037689208984375,0.02099609375,0.0015344619750976562,-0.0169677734375,0.0034637451171875,-0.0028896331787109375,-0.031890869140625,0.027374267578125,-0.05511474609375,-0.034698486328125,-0.0299835205078125,-0.0006475448608398438,0.01446533203125,-0.0034275054931640625,0.005413055419921875,-0.0225677490234375,-0.04095458984375,-0.01499176025390625,-0.0352783203125,0.042388916015625,0.0113067626953125,-0.0020008087158203125,0.01277923583984375,0.0093994140625,-0.0401611328125,-0.023468017578125,0.037384033203125,-0.0655517578125,-0.01446533203125,0.0113677978515625,0.0266876220703125,0.0214385986328125,0.003173828125,-0.029205322265625,0.01396942138671875,0.0036144256591796875,0.0106201171875,0.0280914306640625,0.03009033203125,0.0043182373046875,0.0200958251953125,-0.0211944580078125,-0.009765625,0.00337982177734375,-0.00878143310546875,-0.017364501953125,-0.013946533203125,0.01293182373046875,-0.032135009765625,0.005886077880859375,0.0007429122924804688,0.0174560546875,0.00608062744140625,-0.0201263427734375,0.037261962890625,-0.0219573974609375,-0.00301361083984375,0.004241943359375,-0.0006051063537597656,0.0216522216796875,0.006328582763671875,0.0159454345703125,0.02264404296875,0.0093841552734375,0.0007028579711914062,0.00423431396484375,0.0008358955383300781,0.0160064697265625,0.0096588134765625,0.0283050537109375,-0.0081329345703125,-0.032958984375,0.038055419921875,-0.0008692741394042969,0.0195465087890625,0.0037689208984375,0.003070831298828125,0.037750244140625,0.0012559890747070312,-0.0031070709228515625,0.01446533203125,0.01421356201171875,-0.0006055831909179688,0.028656005859375,-0.01209259033203125,-0.04290771484375,0.040130615234375,-0.001194000244140625,-0.00382232666015625,0.029388427734375,-0.01873779296875,-0.0160675048828125,-0.018280029296875,-0.0158843994140625,0.00637054443359375,-0.031585693359375,0.0052947998046875,0.016937255859375,-0.005420684814453125,-0.022735595703125,-0.032684326171875,0.02716064453125,0.028717041015625,0.00589752197265625,-0.004734039306640625,-0.0027008056640625,0.0021572113037109375,0.0213775634765625,-0.04205322265625,0.0171051025390625,-0.00121307373046875,0.0027008056640625,-0.0022563934326171875,0.00919342041015625,0.0421142578125,-0.0206298828125,0.01000213623046875,-0.0181427001953125,0.00383758544921875,0.005184173583984375,0.03900146484375,0.012603759765625,-0.015289306640625,-0.007305145263671875,0.023468017578125,-0.031463623046875,-0.0134124755859375,0.01690673828125,-0.0283203125,-0.0261077880859375,-0.02197265625,-0.03558349609375,0.01442718505859375,-0.0199737548828125,0.005786895751953125,0.008941650390625,0.017242431640625,0.006195068359375,-0.0303955078125,-0.00044345855712890625,0.005428314208984375,0.0033626556396484375,0.018707275390625,0.01105499267578125,-0.048492431640625,-0.00952911376953125,0.03948974609375,-0.033477783203125,0.004474639892578125,-0.043487548828125,-0.00876617431640625,0.0269012451171875,0.013580322265625,-0.0244140625,-0.005123138427734375,0.01531982421875,-0.0236663818359375,0.00432586669921875,-0.0252838134765625,0.005084991455078125,-0.032958984375,-0.0059814453125,-0.0005974769592285156,-0.0089569091796875,0.0113525390625,-0.034149169921875,0.0160369873046875,-0.00743865966796875,0.005283355712890625,0.016937255859375,0.02783203125,0.010650634765625,-0.0026493072509765625,-0.021148681640625,-0.006046295166015625,-0.0133209228515625,-0.005096435546875,0.000027477741241455078,0.038665771484375,0.00283050537109375,-0.0030307769775390625,-0.034515380859375,-0.0011606216430664062,0.0099029541015625,0.007274627685546875,-0.0014104843139648438,-0.00833892822265625,0.032470703125,0.019775390625,0.0158843994140625,0.01824951171875,-0.0294952392578125,0.02008056640625,-0.01107025146484375,-0.0175018310546875,0.0029048919677734375,0.01416778564453125,-0.0033092498779296875,0.006481170654296875,0.0203094482421875,0.01334381103515625,-0.01209259033203125,-0.0225677490234375,0.008819580078125,-0.0044403076171875,-0.00930023193359375,0.0247650146484375,0.05462646484375,0.020538330078125,0.0021839141845703125,-0.01497650146484375,-0.01491546630859375,0.0015420913696289062,-0.00981903076171875,-0.00220489501953125,0.0036640167236328125,0.0015869140625,-0.01335906982421875,-0.03021240234375,0.02191162109375,0.0095672607421875,0.0245361328125,0.0033016204833984375,-0.0059661865234375,-0.03656005859375,0.00009512901306152344,-0.0248565673828125,0.00885772705078125,-0.0129852294921875,0.0279693603515625,-0.01497650146484375,-0.0132598876953125,0.005901336669921875,0.002986907958984375,0.007106781005859375,0.0166778564453125,-0.0433349609375,0.0311126708984375,0.01529693603515625,0.02862548828125,0.0057220458984375,0.016143798828125,-0.0112152099609375,0.0222320556640625,-0.0281829833984375,-0.005496978759765625,-0.0202484130859375,-0.0175018310546875,-0.01080322265625,-0.0261993408203125,0.0104522705078125,0.030242919921875,0.001407623291015625,0.0203704833984375,0.04541015625,-0.0301055908203125,0.01050567626953125,0.0260467529296875,-0.021209716796875,-0.006938934326171875,0.0020809173583984375,0.0105743408203125,-0.00287628173828125,0.049713134765625,-0.0046234130859375,-0.041107177734375,-0.01410675048828125,-0.0015268325805664062,-0.00839996337890625,-0.0097503662109375,-0.0306549072265625,-0.01490020751953125,0.0020008087158203125,-0.005939483642578125,0.0150299072265625,-0.0316162109375,-0.01544189453125,0.025634765625,0.00286865234375,0.053070068359375,0.021728515625,-0.015960693359375,0.03106689453125,-0.023406982421875,0.0025844573974609375,-0.035736083984375,0.002178192138671875,0.02410888671875,0.025482177734375,0.00803375244140625,0.014434814453125,-0.0077667236328125,-0.01560211181640625,0.0830078125,-0.005535125732421875,-0.00437164306640625,0.0031452178955078125,0.0435791015625,-0.0161895751953125,-0.00992584228515625,-0.0122833251953125,0.0006122589111328125,0.00466156005859375,0.0262603759765625,-0.046356201171875,-0.01511383056640625,0.01751708984375,-0.0265960693359375,0.01470184326171875,0.005344390869140625,0.01055908203125,0.005413055419921875,-0.044891357421875,0.0019388198852539062,0.0134429931640625,-0.01085662841796875,-0.01690673828125,0.005344390869140625,0.023284912109375,0.00783538818359375,-0.0070648193359375,-0.047576904296875,0.01220703125,0.058319091796875,0.00391387939453125,-0.0281982421875,0.01158905029296875,0.03302001953125,-0.006320953369140625,0.0104827880859375,0.0189971923828125,-0.0005884170532226562,-0.0263214111328125,0.03594970703125,0.033203125,0.0282745361328125,0.034027099609375,-0.030487060546875,-0.004970550537109375,-0.015960693359375,-0.00243377685546875,-0.0222625732421875,-0.01090240478515625,0.039215087890625,0.01513671875,0.005428314208984375,0.003910064697265625,0.0190277099609375,0.0012063980102539062,0.0389404296875,0.030181884765625,-0.044036865234375,0.0118865966796875,-0.01308441162109375,-0.0137176513671875,0.01165008544921875,-0.00899505615234375,-0.002227783203125],11111111-1111-1111-1111-111111111101,[0.018890380859375,0.0158233642578125,-0.045867919921875,-0.005435943603515625,-0.04693603515625,-0.022216796875,0.012298583984375,0.029632568359375,0.003002166748046875,-0.01983642578125,0.00914764404296875,-0.040802001953125,-0.0011377334594726562,0.0302734375,-0.0281524658203125,-0.0062713623046875,-0.016632080078125,-0.013824462890625,-0.030059814453125,-0.01424407958984375,-0.027435302734375,-0.0005946159362792969,0.043487548828125,0.0026416778564453125,0.038848876953125,-0.011962890625,-0.0165252685546875,-0.01080322265625,0.04156494140625,0.01214599609375,0.025543212890625,-0.022705078125,0.0614013671875,-0.01221466064453125,0.016998291015625,0.00881195068359375,0.037506103515625,0.012969970703125,0.0279541015625,0.004436492919921875,-0.049835205078125,-0.038116455078125,-0.00437164306640625,-0.006927490234375,0.0257415771484375,0.065185546875,-0.0262603759765625,-0.0179443359375,-0.01157379150390625,0.026275634765625,-0.0159149169921875,-0.039031982421875,0.0062103271484375,-0.037353515625,0.0257415771484375,0.00952911376953125,0.051727294921875,0.0149688720703125,0.062225341796875,0.022491455078125,0.045501708984375,-0.0718994140625,0.01508331298828125,-0.0259246826171875,-0.04718017578125,-0.0249481201171875,0.022796630859375,0.0240020751953125,-0.0284881591796875,-0.022369384765625,-0.01800537109375,-0.0278167724609375,-0.0264129638671875,0.019561767578125,-0.043609619140625,-0.01194000244140625,0.01555633544921875,0.0190277099609375,0.05169677734375,-0.00012373924255371094,-0.040252685546875,0.03009033203125,-0.0225067138671875,-0.01340484619140625,0.0011196136474609375,0.004177093505859375,0.0024127960205078125,-0.0090484619140625,-0.01056671142578125,0.0014486312866210938,-0.05780029296875,0.009490966796875,0.02264404296875,0.04248046875,-0.041259765625,0.04144287109375,0.0103759765625,-0.0173187255859375,-0.045654296875,0.046417236328125,0.07550048828125,0.0114898681640625,0.023223876953125,-0.0171051025390625,-0.0194091796875,-0.077392578125,-0.09344482421875,-0.01263427734375,-0.02740478515625,0.0187530517578125,0.0430908203125,-0.05804443359375,-0.11083984375,0.014190673828125,-0.0211181640625,-0.0009489059448242188,-0.034271240234375,0.01169586181640625,0.005023956298828125,0.030426025390625,-0.041046142578125,0.00487518310546875,0.024261474609375,-0.04144287109375,-0.0191192626953125,0.033294677734375,-0.006595611572265625,0.037353515625,-0.055877685546875,-0.041168212890625,0.002254486083984375,-0.0202789306640625,0.048583984375,0.007137298583984375,0.035125732421875,-0.00605010986328125,-0.023895263671875,0.015838623046875,-0.008331298828125,-0.031829833984375,0.00031876564025878906,-0.014251708984375,0.0027904510498046875,-0.00688934326171875,-0.060028076171875,0.03631591796875,-0.01265716552734375,0.0236968994140625,-0.0263214111328125,0.026947021484375,-0.01107025146484375,0.0095367431640625,-0.030609130859375,-0.01496124267578125,-0.0036220550537109375,0.049652099609375,0.002777099609375,0.022735595703125,-0.0302734375,0.02392578125,0.0221099853515625,0.01103973388671875,-0.0184783935546875,-0.016021728515625,-0.016448974609375,-0.057342529296875,0.0152435302734375,0.024200439453125,-0.03680419921875,-0.01555633544921875,0.0311126708984375,0.0062103271484375,0.00850677490234375,-0.0433349609375,0.0077362060546875,0.028717041015625,0.027008056640625,-0.06622314453125,0.044097900390625,0.00992584228515625,0.044097900390625,0.01654052734375,-0.040618896484375,-0.0097503662109375,-0.01395416259765625,-0.0408935546875,-0.034149169921875,0.011199951171875,-0.007537841796875,-0.0460205078125,0.01163482666015625,-0.029632568359375,0.005092620849609375,-0.0049285888671875,-0.0175628662109375,-0.043792724609375,-0.0130157470703125,-0.039947509765625,0.01078033447265625,-0.0155029296875,0.040313720703125,-0.062103271484375,0.00307464599609375,0.00974273681640625,-0.0175018310546875,0.01123046875,-0.029693603515625,0.026763916015625,-0.0010557174682617188,-0.00836944580078125,0.0177154541015625,-0.0088043212890625,-0.02911376953125,0.035491943359375,0.027191162109375,0.035888671875,0.016387939453125,0.01235198974609375,-0.031890869140625,0.0164031982421875,-0.01457977294921875,0.006626129150390625,0.0008435249328613281,0.046661376953125,-0.052825927734375,0.059173583984375,-0.03619384765625,-0.007526397705078125,0.0036830902099609375,-0.00357818603515625,0.002910614013671875,-0.01190948486328125,-0.01143646240234375,-0.005855560302734375,0.0243072509765625,0.00215911865234375,-0.0017423629760742188,-0.0267486572265625,0.0033245086669921875,-0.0250244140625,-0.0049896240234375,-0.006725311279296875,-0.0216217041015625,0.0322265625,0.0214996337890625,-0.0129547119140625,0.0168914794921875,0.01397705078125,0.02447509765625,0.0279388427734375,0.03173828125,0.01316070556640625,-0.006439208984375,-0.035003662109375,-0.018890380859375,0.015380859375,-0.0355224609375,0.0299224853515625,-0.011260986328125,-0.024566650390625,0.0219268798828125,-0.0040435791015625,-0.037261962890625,-0.021484375,0.0111846923828125,0.04669189453125,0.070068359375,0.027313232421875,0.00649261474609375,-0.0241851806640625,0.0574951171875,-0.0178070068359375,-0.042388916015625,0.0372314453125,-0.022857666015625,0.00400543212890625,-0.051849365234375,0.044189453125,0.004055023193359375,0.0152130126953125,-0.0253143310546875,-0.05108642578125,-0.0325927734375,-0.0814208984375,-0.0294036865234375,-0.01119232177734375,0.040374755859375,0.032196044921875,0.0029354095458984375,0.0077362060546875,0.0234222412109375,-0.0237274169921875,0.0004734992980957031,0.017822265625,0.004390716552734375,-0.001537322998046875,0.00604248046875,-0.003314971923828125,-0.04486083984375,-0.010955810546875,0.0006422996520996094,-0.0174560546875,-0.03399658203125,0.0234222412109375,-0.0030059814453125,0.034271240234375,-0.00637054443359375,-0.033203125,-0.007305145263671875,-0.060546875,-0.00811767578125,0.0264129638671875,-0.048095703125,-0.04541015625,0.0232391357421875,-0.050750732421875,0.029632568359375,0.0226287841796875,0.023223876953125,0.00751495361328125,-0.0218048095703125,-0.055206298828125,-0.0491943359375,0.0008721351623535156,-0.018798828125,0.0158538818359375,0.0020999908447265625,-0.0218505859375,0.03955078125,0.020965576171875,-0.00534820556640625,-0.036590576171875,0.0268096923828125,-0.0247802734375,0.02459716796875,0.0419921875,-0.0016269683837890625,0.005863189697265625,0.01233673095703125,-0.0236663818359375,0.040924072265625,-0.029510498046875,0.003631591796875,-0.01137542724609375,0.02484130859375,-0.07037353515625,0.0104827880859375,-0.05938720703125,0.02447509765625,-0.0032634735107421875,0.01006317138671875,-0.0183868408203125,-0.0035552978515625,-0.011016845703125,0.0300140380859375,-0.0203857421875,0.06756591796875,0.0272216796875,-0.04095458984375,-0.035888671875,-0.0299835205078125,-0.006317138671875,0.00640106201171875,-0.0479736328125,-0.043487548828125,-0.02142333984375,0.00452423095703125,-0.003177642822265625,-0.01251220703125,-0.005046844482421875,0.0302734375,0.04132080078125,-0.00927734375,-0.0128326416015625,-0.025909423828125,-0.046173095703125,-0.0217742919921875,0.016204833984375,0.017120361328125,-0.00311279296875,-0.0115203857421875,-0.0160369873046875,-0.0215606689453125,-0.004344940185546875,0.0189666748046875,0.0014925003051757812,-0.01519775390625,0.0244140625,0.01922607421875,-0.0731201171875,-0.03594970703125,-0.0036602020263671875,0.0230865478515625,0.0291748046875,-0.00653076171875,0.045135498046875,0.047576904296875,0.04229736328125,-0.0007309913635253906,-0.01776123046875,-0.0034770965576171875,-0.00341033935546875,-0.03875732421875,0.07818603515625,-0.0197601318359375,0.0251312255859375,0.005069732666015625,0.0205535888671875,0.0215911865234375,0.035888671875,0.043212890625,-0.03826904296875,0.01654052734375,-0.021209716796875,-0.0100250244140625,-0.00983428955078125,0.00896453857421875,-0.00958251953125,0.01538848876953125,-0.0182342529296875,0.007381439208984375,-0.046600341796875,-0.0333251953125,0.0007853507995605469,-0.0204925537109375,-0.0213165283203125,-0.0240631103515625,-0.0240631103515625,0.0241851806640625,-0.0300140380859375,-0.005428314208984375,0.00616455078125,0.0121002197265625,-0.00713348388671875,0.00135040283203125,-0.03289794921875,-0.04852294921875,-0.0159759521484375,0.0177001953125,0.002910614013671875,-0.0237579345703125,0.001708984375,-0.0071258544921875,0.045135498046875,-0.009246826171875,0.007511138916015625,-0.033203125,0.041168212890625,0.01305389404296875,-0.0120391845703125,-0.014495849609375,0.003021240234375,-0.04840087890625,0.0006999969482421875,0.0251312255859375,0.005702972412109375,0.0312347412109375,-0.0704345703125,0.01361846923828125,-0.005706787109375,0.0029468536376953125,0.002857208251953125,-0.04827880859375,0.0107421875,-0.04095458984375,-0.02880859375,0.022216796875,0.03900146484375,-0.0023059844970703125,-0.0303497314453125,-0.0168914794921875,0.01302337646484375,0.062347412109375,-0.0179443359375,0.0177001953125,0.0440673828125,0.0237274169921875,-0.043121337890625,-0.037567138671875,-0.0009713172912597656,-0.005947113037109375,-0.00484466552734375,0.0244903564453125,0.006282806396484375,-0.018218994140625,0.14794921875,0.0233917236328125,0.03173828125,-0.06402587890625,-0.055694580078125,0.0276031494140625,-0.0501708984375,0.043212890625,-0.00606536865234375,0.03387451171875,0.040374755859375,-0.01021575927734375,-0.00262451171875,-0.025421142578125,0.016357421875,0.0169830322265625,-0.047393798828125,0.038604736328125,-0.03033447265625,0.0152130126953125,-0.003021240234375,0.006702423095703125,0.01161956787109375,0.01436614990234375,0.0447998046875,0.0014333724975585938,0.018951416015625,0.01093292236328125,-0.0029659271240234375,-0.01230621337890625,-0.0035152435302734375,-0.006725311279296875,0.036895751953125,-0.018035888671875,-0.0032558441162109375,0.01678466796875,0.00424957275390625,0.0222320556640625,0.009490966796875,0.00843048095703125,0.00385284423828125,-0.010406494140625,-0.056304931640625,-0.006244659423828125,-0.0168914794921875,0.0256195068359375,0.0330810546875,0.0008234977722167969,0.0133819580078125,-0.0095977783203125,-0.050384521484375,0.0137481689453125,-0.0175933837890625,-0.0111846923828125,0.0172119140625,0.0290985107421875,-0.021728515625,-0.00649261474609375,-0.01227569580078125,-0.040740966796875,0.03302001953125,0.0182647705078125,0.0038547515869140625,0.02838134765625,0.022857666015625,0.0400390625,0.016632080078125,0.0189056396484375,0.007259368896484375,0.008941650390625,-0.0138397216796875,-0.0264434814453125,-0.0178985595703125,-0.0299835205078125,-0.033172607421875,-0.006439208984375,0.020050048828125,-0.0227508544921875,-0.00859832763671875,-0.0006198883056640625,0.0180816650390625,-0.0177764892578125,-0.00833892822265625,-0.053497314453125,-0.033966064453125,-0.079833984375,0.039031982421875,-0.00894927978515625,0.0576171875,0.0232086181640625,-0.0257568359375,0.069091796875,-0.01221466064453125,0.020050048828125,-0.026580810546875,0.00809478759765625,-0.02294921875,-0.01390838623046875,-0.0170745849609375,-0.0516357421875,-0.016357421875,-0.0105438232421875,-0.0248260498046875,-0.005527496337890625,0.0088958740234375,0.0280303955078125,-0.003810882568359375,0.006866455078125,0.00244140625,0.01480865478515625,0.0015611648559570312,-0.0016527175903320312,0.03594970703125,0.0023059844970703125,-0.0186004638671875,-0.004726409912109375,0.01922607421875,0.0162200927734375,0.03271484375,-0.039886474609375,-0.03955078125,0.00922393798828125,-0.0021038055419921875,-0.0137176513671875,-0.0308990478515625,0.016265869140625,0.054443359375,0.0012712478637695312,0.035003662109375,-0.048248291015625,0.01082611083984375,0.0037212371826171875,0.0106658935546875,0.005786895751953125,0.0235137939453125,-0.01242828369140625,0.0352783203125,0.00949859619140625,-0.024261474609375,-0.0096282958984375,0.0005121231079101562,-0.00722503662109375,-0.03533935546875,0.006793975830078125,-0.01511383056640625,-0.0130462646484375,-0.0023899078369140625,0.0005354881286621094,0.02587890625,0.040618896484375,-0.012542724609375,0.007061004638671875,-0.0217742919921875,-0.049407958984375,0.0010137557983398438,-0.004894256591796875,0.02545166015625,0.01134490966796875,-0.059356689453125,0.0092010498046875,0.00258636474609375,0.01953125,0.024444580078125,-0.0027561187744140625,-0.0026493072509765625,0.0499267578125,-0.003360748291015625,0.00572967529296875,-0.0094757080078125,0.005031585693359375,0.03265380859375,-0.0328369140625,0.02276611328125,-0.00922393798828125,-0.0221405029296875,0.0082244873046875,-0.02764892578125,0.00611114501953125,0.01033782958984375,0.01617431640625,0.0361328125,0.0244140625,-0.00909423828125,0.0156707763671875,0.026092529296875,0.052886962890625,0.0226898193359375,-0.015960693359375,0.0009012222290039062,-0.016693115234375,-0.026519775390625,0.0072784423828125,-0.0237884521484375,-0.038848876953125,0.034332275390625,-0.0126953125,0.0457763671875,-0.0198974609375,-0.046356201171875,-0.0175933837890625,-0.00112152099609375,0.01560211181640625,0.0426025390625,0.004535675048828125,-0.0038890838623046875,-0.016326904296875,-0.005764007568359375,-0.003215789794921875,-0.037841796875,-0.00157928466796875,-0.036041259765625,0.045623779296875,0.006778717041015625,0.0101165771484375,0.07818603515625,0.00958251953125,0.01158905029296875,0.019622802734375,0.028839111328125,-0.01446533203125,-0.01849365234375,-0.0136566162109375,-0.03912353515625,-0.0216064453125,-0.005252838134765625,0.0192413330078125,0.0184783935546875,-0.019744873046875,-0.00672149658203125,0.0232086181640625,0.0252838134765625,0.0187225341796875,0.023773193359375,-0.00226593017578125,0.00044989585876464844,0.0099945068359375,-0.017730712890625,-0.044769287109375,0.0196990966796875,0.00452423095703125,0.00852203369140625,0.007740020751953125,0.012451171875,-0.0097198486328125,-0.032867431640625,-0.020904541015625,-0.025604248046875,-0.00649261474609375,-0.001399993896484375,0.0225830078125,0.00408172607421875,-0.0166168212890625,-0.0277557373046875,0.0172119140625,-0.038665771484375,0.006275177001953125,0.0308380126953125,0.0014095306396484375,0.01519775390625,0.0015649795532226562,0.025146484375,0.004711151123046875,0.030426025390625,-0.0249786376953125,0.01546478271484375,-0.00583648681640625,0.003932952880859375,-0.06500244140625,-0.0234527587890625,0.0265045166015625,-0.03607177734375,0.013641357421875,-0.00653839111328125,0.0257568359375,-0.0022106170654296875,0.036468505859375,0.00592803955078125,0.0157318115234375,0.0085601806640625,0.0148773193359375,0.0019817352294921875,0.0011310577392578125,-0.0035400390625,-0.0299530029296875,-0.0010786056518554688,0.04278564453125,-0.06536865234375,-0.0277862548828125,0.0129547119140625,0.0219573974609375,0.0169219970703125,-0.037689208984375,-0.0091705322265625,0.002597808837890625,-0.00024962425231933594,0.029388427734375,0.0215301513671875,-0.01232147216796875,0.0161895751953125,-0.00934600830078125,0.0105133056640625,-0.0335693359375,-0.0230560302734375,-0.00562286376953125,0.00417327880859375,-0.0009016990661621094,0.00926971435546875,-0.005107879638671875,-0.0418701171875,-0.00728607177734375,0.0394287109375,-0.00440216064453125,-0.026458740234375,0.051605224609375,0.0264129638671875,0.0083770751953125,-0.007411956787109375,-0.039947509765625,0.0001533031463623047,-0.01174163818359375,0.01464080810546875,-0.050506591796875,0.0194549560546875,-0.019683837890625,-0.0184173583984375,-0.0222015380859375,0.01385498046875,0.033843994140625,0.0164794921875,-0.0076904296875,0.045654296875,-0.00661468505859375,0.0246429443359375,0.0197296142578125,0.01678466796875,-0.0195159912109375,0.01174163818359375,0.023834228515625,-0.00963592529296875,-0.00921630859375,0.01154327392578125,-0.01009368896484375,0.00537109375,0.0106048583984375,0.006805419921875,-0.0340576171875,0.0312347412109375,-0.00315093994140625,0.006290435791015625,-0.020721435546875,-0.0023517608642578125,-0.0277557373046875,0.02813720703125,0.01076507568359375,0.036956787109375,0.0149383544921875,-0.00748443603515625,-0.026947021484375,-0.01308441162109375,0.00926971435546875,0.01546478271484375,-0.0098724365234375,0.0171966552734375,-0.002788543701171875,-0.01409149169921875,-0.047332763671875,-0.0065155029296875,-0.022491455078125,-0.0089111328125,-0.02099609375,-0.0227508544921875,0.007244110107421875,0.019287109375,0.040924072265625,-0.02227783203125,-0.017730712890625,0.049530029296875,-0.040618896484375,0.00855255126953125,-0.0120391845703125,-0.023345947265625,0.00994873046875,-0.003704071044921875,0.051025390625,-0.0012454986572265625,-0.0035495758056640625,-0.0160369873046875,-0.019500732421875,-0.036285400390625,-0.00865936279296875,0.0252532958984375,-0.00782012939453125,0.043487548828125,0.005214691162109375,0.012908935546875,0.034942626953125,-0.01317596435546875,0.03887939453125,0.0019083023071289062,0.0205841064453125,0.00853729248046875,-0.03973388671875,0.042266845703125,0.029937744140625,-0.0021038055419921875,-0.0361328125,-0.033843994140625,-0.035064697265625,-0.004085540771484375,-0.01555633544921875,-0.0265350341796875,-0.0045166015625,-0.008453369140625,0.036956787109375,-0.0177154541015625,-0.05615234375,0.0143890380859375,0.00323486328125,0.03363037109375,-0.0200653076171875,0.0257415771484375,0.0284423828125,0.0228118896484375,-0.001766204833984375,0.03350830078125,0.0116119384765625,0.005809783935546875,-0.012420654296875,-0.029449462890625,-0.04876708984375,0.029449462890625,0.001232147216796875,0.007537841796875,0.031951904296875,-0.01247406005859375,0.006011962890625,-0.0447998046875,0.0276641845703125,0.02410888671875,0.004390716552734375,0.00606536865234375,-0.0025119781494140625,0.0321044921875,0.0067901611328125,-0.00867462158203125,0.029022216796875,0.005672454833984375,-0.01349639892578125,0.003971099853515625,-0.0017499923706054688,-0.0160980224609375,-0.0093841552734375,-0.00952911376953125,0.036041259765625,-0.041168212890625,-0.0085906982421875,0.004680633544921875,-0.01244354248046875,-0.043243408203125,-0.01071929931640625,-0.004901885986328125,-0.0048675537109375,-0.00606536865234375,0.00533294677734375,-0.0155029296875,-0.0394287109375,0.007091522216796875,0.038787841796875,-0.0026111602783203125,-0.00278472900390625,-0.00646209716796875,0.0096588134765625,-0.0203857421875,0.017425537109375,-0.01313018798828125,-0.0033283233642578125,-0.03570556640625,-0.01036834716796875,-0.0256195068359375,-0.00739288330078125,-0.030364990234375,-0.0011739730834960938,-0.01181793212890625,0.0031280517578125,0.023406982421875,-0.00640869140625,0.04107666015625,0.0269775390625,-0.0037250518798828125,-0.01043701171875,0.0325927734375,0.050201416015625,-0.007495880126953125,0.01146697998046875,-0.0096282958984375,-0.00875091552734375,-0.004627227783203125,0.00452423095703125,0.038116455078125,-0.0214996337890625,0.050079345703125,0.0107269287109375,-0.018402099609375,0.027496337890625,0.03863525390625,-0.0269775390625,0.034576416015625,0.018280029296875,0.0004906654357910156,-0.025146484375,0.00836181640625,0.013641357421875,0.0118865966796875,-0.0249786376953125,-0.054107666015625,-0.0168304443359375,0.01255035400390625,0.00020110607147216797,-0.017059326171875,-0.0039825439453125,0.033966064453125,0.06353759765625,0.0164031982421875,0.026702880859375,0.06634521484375,-0.01000213623046875,0.001911163330078125,-0.0036678314208984375,0.03594970703125,0.00411224365234375,-0.031463623046875,-0.0011577606201171875,-0.0017871856689453125,-0.016632080078125,-0.021484375,-0.02166748046875,-0.005886077880859375,0.0060882568359375,-0.04144287109375,0.0244140625,-0.00612640380859375,0.002475738525390625,-0.01461029052734375,0.01174163818359375,0.02398681640625,-0.0294952392578125,0.0162506103515625,-0.0269927978515625,0.007411956787109375,0.006824493408203125,-0.0245361328125,-0.008392333984375,0.007904052734375,0.00002777576446533203,-0.0521240234375,0.0121612548828125,-0.00040531158447265625,0.016021728515625,-0.027069091796875,0.0478515625,0.0076141357421875,-0.034454345703125,-0.01111602783203125,0.00940704345703125,-0.0025730133056640625,-0.0120391845703125,0.004718780517578125,0.00885772705078125,-0.0014400482177734375,0.024444580078125,0.01471710205078125,0.01751708984375,-0.0062713623046875,-0.0089263916015625,0.0037136077880859375,-0.01215362548828125,-0.0071868896484375,0.019439697265625,0.00421142578125,0.01068878173828125,0.0029087066650390625,-0.005825042724609375,0.00691986083984375,-0.0080108642578125,-0.0196380615234375,0.01023101806640625,0.012420654296875,0.0310821533203125,-0.01110076904296875,0.024139404296875,-0.005519866943359375,-0.037750244140625,-0.0033321380615234375,0.00177001953125,-0.0265655517578125,-0.0263824462890625,0.0340576171875,-0.00870513916015625,0.01076507568359375,0.045379638671875,0.053802490234375,-0.00046324729919433594,0.038116455078125,0.01277923583984375,0.016632080078125,-0.013519287109375,0.002628326416015625,-0.014190673828125,0.005451202392578125,0.05291748046875,-0.01264190673828125,0.008209228515625,-0.002349853515625,-0.0171356201171875,-0.007785797119140625,-0.0096588134765625,-0.01898193359375,0.0012044906616210938,0.030548095703125,-0.01097869873046875,0.004886627197265625,0.001049041748046875,0.01812744140625,-0.0204925537109375,0.026641845703125,0.00536346435546875,0.0295562744140625,0.0159454345703125,0.01275634765625,0.0147247314453125,0.015472412109375,0.0278167724609375,0.0479736328125,-0.0107421875,0.00788116455078125,-0.0024776458740234375,-0.0203704833984375,0.004199981689453125,-0.0001417398452758789,0.010467529296875,-0.030242919921875,0.0025691986083984375,0.0067596435546875,-0.003360748291015625,0.039794921875,0.00891876220703125,0.004154205322265625,-0.032318115234375,-0.050506591796875,-0.019500732421875,-0.02154541015625,0.0287322998046875,-0.005489349365234375,0.01146697998046875,-0.0162506103515625,0.03253173828125,-0.0040740966796875,-0.025421142578125,-0.0023555755615234375,0.020660400390625,-0.0291748046875,-0.034637451171875,0.0540771484375,-0.018341064453125,0.0017547607421875,-0.0323486328125,-0.031951904296875,0.0231781005859375,0.0096435546875,-0.005107879638671875,-0.006435394287109375,-0.00902557373046875,0.0282135009765625,0.00945281982421875,0.017578125,0.040130615234375,0.0171051025390625,0.004711151123046875,-0.0157623291015625,-0.034454345703125,-0.0200958251953125,-0.0184173583984375,0.0267181396484375,-0.0083770751953125,0.040374755859375,-0.0047760009765625,-0.01387786865234375,0.0048675537109375,-0.00482177734375,0.00490570068359375,0.034210205078125,0.026153564453125,-0.00936126708984375,0.037689208984375,0.02099609375,0.0015344619750976562,-0.0169677734375,0.0034637451171875,-0.0028896331787109375,-0.031890869140625,0.027374267578125,-0.05511474609375,-0.034698486328125,-0.0299835205078125,-0.0006475448608398438,0.01446533203125,-0.0034275054931640625,0.005413055419921875,-0.0225677490234375,-0.04095458984375,-0.01499176025390625,-0.0352783203125,0.042388916015625,0.0113067626953125,-0.0020008087158203125,0.01277923583984375,0.0093994140625,-0.0401611328125,-0.023468017578125,0.037384033203125,-0.0655517578125,-0.01446533203125,0.0113677978515625,0.0266876220703125,0.0214385986328125,0.003173828125,-0.029205322265625,0.01396942138671875,0.0036144256591796875,0.0106201171875,0.0280914306640625,0.03009033203125,0.0043182373046875,0.0200958251953125,-0.0211944580078125,-0.009765625,0.00337982177734375,-0.00878143310546875,-0.017364501953125,-0.013946533203125,0.01293182373046875,-0.032135009765625,0.005886077880859375,0.0007429122924804688,0.0174560546875,0.00608062744140625,-0.0201263427734375,0.037261962890625,-0.0219573974609375,-0.00301361083984375,0.004241943359375,-0.0006051063537597656,0.0216522216796875,0.006328582763671875,0.0159454345703125,0.02264404296875,0.0093841552734375,0.0007028579711914062,0.00423431396484375,0.0008358955383300781,0.0160064697265625,0.0096588134765625,0.0283050537109375,-0.0081329345703125,-0.032958984375,0.038055419921875,-0.0008692741394042969,0.0195465087890625,0.0037689208984375,0.003070831298828125,0.037750244140625,0.0012559890747070312,-0.0031070709228515625,0.01446533203125,0.01421356201171875,-0.0006055831909179688,0.028656005859375,-0.01209259033203125,-0.04290771484375,0.040130615234375,-0.001194000244140625,-0.00382232666015625,0.029388427734375,-0.01873779296875,-0.0160675048828125,-0.018280029296875,-0.0158843994140625,0.00637054443359375,-0.031585693359375,0.0052947998046875,0.016937255859375,-0.005420684814453125,-0.022735595703125,-0.032684326171875,0.02716064453125,0.028717041015625,0.00589752197265625,-0.004734039306640625,-0.0027008056640625,0.0021572113037109375,0.0213775634765625,-0.04205322265625,0.0171051025390625,-0.00121307373046875,0.0027008056640625,-0.0022563934326171875,0.00919342041015625,0.0421142578125,-0.0206298828125,0.01000213623046875,-0.0181427001953125,0.00383758544921875,0.005184173583984375,0.03900146484375,0.012603759765625,-0.015289306640625,-0.007305145263671875,0.023468017578125,-0.031463623046875,-0.0134124755859375,0.01690673828125,-0.0283203125,-0.0261077880859375,-0.02197265625,-0.03558349609375,0.01442718505859375,-0.0199737548828125,0.005786895751953125,0.008941650390625,0.017242431640625,0.006195068359375,-0.0303955078125,-0.00044345855712890625,0.005428314208984375,0.0033626556396484375,0.018707275390625,0.01105499267578125,-0.048492431640625,-0.00952911376953125,0.03948974609375,-0.033477783203125,0.004474639892578125,-0.043487548828125,-0.00876617431640625,0.0269012451171875,0.013580322265625,-0.0244140625,-0.005123138427734375,0.01531982421875,-0.0236663818359375,0.00432586669921875,-0.0252838134765625,0.005084991455078125,-0.032958984375,-0.0059814453125,-0.0005974769592285156,-0.0089569091796875,0.0113525390625,-0.034149169921875,0.0160369873046875,-0.00743865966796875,0.005283355712890625,0.016937255859375,0.02783203125,0.010650634765625,-0.0026493072509765625,-0.021148681640625,-0.006046295166015625,-0.0133209228515625,-0.005096435546875,0.000027477741241455078,0.038665771484375,0.00283050537109375,-0.0030307769775390625,-0.034515380859375,-0.0011606216430664062,0.0099029541015625,0.007274627685546875,-0.0014104843139648438,-0.00833892822265625,0.032470703125,0.019775390625,0.0158843994140625,0.01824951171875,-0.0294952392578125,0.02008056640625,-0.01107025146484375,-0.0175018310546875,0.0029048919677734375,0.01416778564453125,-0.0033092498779296875,0.006481170654296875,0.0203094482421875,0.01334381103515625,-0.01209259033203125,-0.0225677490234375,0.008819580078125,-0.0044403076171875,-0.00930023193359375,0.0247650146484375,0.05462646484375,0.020538330078125,0.0021839141845703125,-0.01497650146484375,-0.01491546630859375,0.0015420913696289062,-0.00981903076171875,-0.00220489501953125,0.0036640167236328125,0.0015869140625,-0.01335906982421875,-0.03021240234375,0.02191162109375,0.0095672607421875,0.0245361328125,0.0033016204833984375,-0.0059661865234375,-0.03656005859375,0.00009512901306152344,-0.0248565673828125,0.00885772705078125,-0.0129852294921875,0.0279693603515625,-0.01497650146484375,-0.0132598876953125,0.005901336669921875,0.002986907958984375,0.007106781005859375,0.0166778564453125,-0.0433349609375,0.0311126708984375,0.01529693603515625,0.02862548828125,0.0057220458984375,0.016143798828125,-0.0112152099609375,0.0222320556640625,-0.0281829833984375,-0.005496978759765625,-0.0202484130859375,-0.0175018310546875,-0.01080322265625,-0.0261993408203125,0.0104522705078125,0.030242919921875,0.001407623291015625,0.0203704833984375,0.04541015625,-0.0301055908203125,0.01050567626953125,0.0260467529296875,-0.021209716796875,-0.006938934326171875,0.0020809173583984375,0.0105743408203125,-0.00287628173828125,0.049713134765625,-0.0046234130859375,-0.041107177734375,-0.01410675048828125,-0.0015268325805664062,-0.00839996337890625,-0.0097503662109375,-0.0306549072265625,-0.01490020751953125,0.0020008087158203125,-0.005939483642578125,0.0150299072265625,-0.0316162109375,-0.01544189453125,0.025634765625,0.00286865234375,0.053070068359375,0.021728515625,-0.015960693359375,0.03106689453125,-0.023406982421875,0.0025844573974609375,-0.035736083984375,0.002178192138671875,0.02410888671875,0.025482177734375,0.00803375244140625,0.014434814453125,-0.0077667236328125,-0.01560211181640625,0.0830078125,-0.005535125732421875,-0.00437164306640625,0.0031452178955078125,0.0435791015625,-0.0161895751953125,-0.00992584228515625,-0.0122833251953125,0.0006122589111328125,0.00466156005859375,0.0262603759765625,-0.046356201171875,-0.01511383056640625,0.01751708984375,-0.0265960693359375,0.01470184326171875,0.005344390869140625,0.01055908203125,0.005413055419921875,-0.044891357421875,0.0019388198852539062,0.0134429931640625,-0.01085662841796875,-0.01690673828125,0.005344390869140625,0.023284912109375,0.00783538818359375,-0.0070648193359375,-0.047576904296875,0.01220703125,0.058319091796875,0.00391387939453125,-0.0281982421875,0.01158905029296875,0.03302001953125,-0.006320953369140625,0.0104827880859375,0.0189971923828125,-0.0005884170532226562,-0.0263214111328125,0.03594970703125,0.033203125,0.0282745361328125,0.034027099609375,-0.030487060546875,-0.004970550537109375,-0.015960693359375,-0.00243377685546875,-0.0222625732421875,-0.01090240478515625,0.039215087890625,0.01513671875,0.005428314208984375,0.003910064697265625,0.0190277099609375,0.0012063980102539062,0.0389404296875,0.030181884765625,-0.044036865234375,0.0118865966796875,-0.01308441162109375,-0.0137176513671875,0.01165008544921875,-0.00899505615234375,-0.002227783203125],0.7,[0.018890380859375,0.0158233642578125,-0.045867919921875,-0.005435943603515625,-0.04693603515625,-0.022216796875,0.012298583984375,0.029632568359375,0.003002166748046875,-0.01983642578125,0.00914764404296875,-0.040802001953125,-0.0011377334594726562,0.0302734375,-0.0281524658203125,-0.0062713623046875,-0.016632080078125,-0.013824462890625,-0.030059814453125,-0.01424407958984375,-0.027435302734375,-0.0005946159362792969,0.043487548828125,0.0026416778564453125,0.038848876953125,-0.011962890625,-0.0165252685546875,-0.01080322265625,0.04156494140625,0.01214599609375,0.025543212890625,-0.022705078125,0.0614013671875,-0.01221466064453125,0.016998291015625,0.00881195068359375,0.037506103515625,0.012969970703125,0.0279541015625,0.004436492919921875,-0.049835205078125,-0.038116455078125,-0.00437164306640625,-0.006927490234375,0.0257415771484375,0.065185546875,-0.0262603759765625,-0.0179443359375,-0.01157379150390625,0.026275634765625,-0.0159149169921875,-0.039031982421875,0.0062103271484375,-0.037353515625,0.0257415771484375,0.00952911376953125,0.051727294921875,0.0149688720703125,0.062225341796875,0.022491455078125,0.045501708984375,-0.0718994140625,0.01508331298828125,-0.0259246826171875,-0.04718017578125,-0.0249481201171875,0.022796630859375,0.0240020751953125,-0.0284881591796875,-0.022369384765625,-0.01800537109375,-0.0278167724609375,-0.0264129638671875,0.019561767578125,-0.043609619140625,-0.01194000244140625,0.01555633544921875,0.0190277099609375,0.05169677734375,-0.00012373924255371094,-0.040252685546875,0.03009033203125,-0.0225067138671875,-0.01340484619140625,0.0011196136474609375,0.004177093505859375,0.0024127960205078125,-0.0090484619140625,-0.01056671142578125,0.0014486312866210938,-0.05780029296875,0.009490966796875,0.02264404296875,0.04248046875,-0.041259765625,0.04144287109375,0.0103759765625,-0.0173187255859375,-0.045654296875,0.046417236328125,0.07550048828125,0.0114898681640625,0.023223876953125,-0.0171051025390625,-0.0194091796875,-0.077392578125,-0.09344482421875,-0.01263427734375,-0.02740478515625,0.0187530517578125,0.0430908203125,-0.05804443359375,-0.11083984375,0.014190673828125,-0.0211181640625,-0.0009489059448242188,-0.034271240234375,0.01169586181640625,0.005023956298828125,0.030426025390625,-0.041046142578125,0.00487518310546875,0.024261474609375,-0.04144287109375,-0.0191192626953125,0.033294677734375,-0.006595611572265625,0.037353515625,-0.055877685546875,-0.041168212890625,0.002254486083984375,-0.0202789306640625,0.048583984375,0.007137298583984375,0.035125732421875,-0.00605010986328125,-0.023895263671875,0.015838623046875,-0.008331298828125,-0.031829833984375,0.00031876564025878906,-0.014251708984375,0.0027904510498046875,-0.00688934326171875,-0.060028076171875,0.03631591796875,-0.01265716552734375,0.0236968994140625,-0.0263214111328125,0.026947021484375,-0.01107025146484375,0.0095367431640625,-0.030609130859375,-0.01496124267578125,-0.0036220550537109375,0.049652099609375,0.002777099609375,0.022735595703125,-0.0302734375,0.02392578125,0.0221099853515625,0.01103973388671875,-0.0184783935546875,-0.016021728515625,-0.016448974609375,-0.057342529296875,0.0152435302734375,0.024200439453125,-0.03680419921875,-0.01555633544921875,0.0311126708984375,0.0062103271484375,0.00850677490234375,-0.0433349609375,0.0077362060546875,0.028717041015625,0.027008056640625,-0.06622314453125,0.044097900390625,0.00992584228515625,0.044097900390625,0.01654052734375,-0.040618896484375,-0.0097503662109375,-0.01395416259765625,-0.0408935546875,-0.034149169921875,0.011199951171875,-0.007537841796875,-0.0460205078125,0.01163482666015625,-0.029632568359375,0.005092620849609375,-0.0049285888671875,-0.0175628662109375,-0.043792724609375,-0.0130157470703125,-0.039947509765625,0.01078033447265625,-0.0155029296875,0.040313720703125,-0.062103271484375,0.00307464599609375,0.00974273681640625,-0.0175018310546875,0.01123046875,-0.029693603515625,0.026763916015625,-0.0010557174682617188,-0.00836944580078125,0.0177154541015625,-0.0088043212890625,-0.02911376953125,0.035491943359375,0.027191162109375,0.035888671875,0.016387939453125,0.01235198974609375,-0.031890869140625,0.0164031982421875,-0.01457977294921875,0.006626129150390625,0.0008435249328613281,0.046661376953125,-0.052825927734375,0.059173583984375,-0.03619384765625,-0.007526397705078125,0.0036830902099609375,-0.00357818603515625,0.002910614013671875,-0.01190948486328125,-0.01143646240234375,-0.005855560302734375,0.0243072509765625,0.00215911865234375,-0.0017423629760742188,-0.0267486572265625,0.0033245086669921875,-0.0250244140625,-0.0049896240234375,-0.006725311279296875,-0.0216217041015625,0.0322265625,0.0214996337890625,-0.0129547119140625,0.0168914794921875,0.01397705078125,0.02447509765625,0.0279388427734375,0.03173828125,0.01316070556640625,-0.006439208984375,-0.035003662109375,-0.018890380859375,0.015380859375,-0.0355224609375,0.0299224853515625,-0.011260986328125,-0.024566650390625,0.0219268798828125,-0.0040435791015625,-0.037261962890625,-0.021484375,0.0111846923828125,0.04669189453125,0.070068359375,0.027313232421875,0.00649261474609375,-0.0241851806640625,0.0574951171875,-0.0178070068359375,-0.042388916015625,0.0372314453125,-0.022857666015625,0.00400543212890625,-0.051849365234375,0.044189453125,0.004055023193359375,0.0152130126953125,-0.0253143310546875,-0.05108642578125,-0.0325927734375,-0.0814208984375,-0.0294036865234375,-0.01119232177734375,0.040374755859375,0.032196044921875,0.0029354095458984375,0.0077362060546875,0.0234222412109375,-0.0237274169921875,0.0004734992980957031,0.017822265625,0.004390716552734375,-0.001537322998046875,0.00604248046875,-0.003314971923828125,-0.04486083984375,-0.010955810546875,0.0006422996520996094,-0.0174560546875,-0.03399658203125,0.0234222412109375,-0.0030059814453125,0.034271240234375,-0.00637054443359375,-0.033203125,-0.007305145263671875,-0.060546875,-0.00811767578125,0.0264129638671875,-0.048095703125,-0.04541015625,0.0232391357421875,-0.050750732421875,0.029632568359375,0.0226287841796875,0.023223876953125,0.00751495361328125,-0.0218048095703125,-0.055206298828125,-0.0491943359375,0.0008721351623535156,-0.018798828125,0.0158538818359375,0.0020999908447265625,-0.0218505859375,0.03955078125,0.020965576171875,-0.00534820556640625,-0.036590576171875,0.0268096923828125,-0.0247802734375,0.02459716796875,0.0419921875,-0.0016269683837890625,0.005863189697265625,0.01233673095703125,-0.0236663818359375,0.040924072265625,-0.029510498046875,0.003631591796875,-0.01137542724609375,0.02484130859375,-0.07037353515625,0.0104827880859375,-0.05938720703125,0.02447509765625,-0.0032634735107421875,0.01006317138671875,-0.0183868408203125,-0.0035552978515625,-0.011016845703125,0.0300140380859375,-0.0203857421875,0.06756591796875,0.0272216796875,-0.04095458984375,-0.035888671875,-0.0299835205078125,-0.006317138671875,0.00640106201171875,-0.0479736328125,-0.043487548828125,-0.02142333984375,0.00452423095703125,-0.003177642822265625,-0.01251220703125,-0.005046844482421875,0.0302734375,0.04132080078125,-0.00927734375,-0.0128326416015625,-0.025909423828125,-0.046173095703125,-0.0217742919921875,0.016204833984375,0.017120361328125,-0.00311279296875,-0.0115203857421875,-0.0160369873046875,-0.0215606689453125,-0.004344940185546875,0.0189666748046875,0.0014925003051757812,-0.01519775390625,0.0244140625,0.01922607421875,-0.0731201171875,-0.03594970703125,-0.0036602020263671875,0.0230865478515625,0.0291748046875,-0.00653076171875,0.045135498046875,0.047576904296875,0.04229736328125,-0.0007309913635253906,-0.01776123046875,-0.0034770965576171875,-0.00341033935546875,-0.03875732421875,0.07818603515625,-0.0197601318359375,0.0251312255859375,0.005069732666015625,0.0205535888671875,0.0215911865234375,0.035888671875,0.043212890625,-0.03826904296875,0.01654052734375,-0.021209716796875,-0.0100250244140625,-0.00983428955078125,0.00896453857421875,-0.00958251953125,0.01538848876953125,-0.0182342529296875,0.007381439208984375,-0.046600341796875,-0.0333251953125,0.0007853507995605469,-0.0204925537109375,-0.0213165283203125,-0.0240631103515625,-0.0240631103515625,0.0241851806640625,-0.0300140380859375,-0.005428314208984375,0.00616455078125,0.0121002197265625,-0.00713348388671875,0.00135040283203125,-0.03289794921875,-0.04852294921875,-0.0159759521484375,0.0177001953125,0.002910614013671875,-0.0237579345703125,0.001708984375,-0.0071258544921875,0.045135498046875,-0.009246826171875,0.007511138916015625,-0.033203125,0.041168212890625,0.01305389404296875,-0.0120391845703125,-0.014495849609375,0.003021240234375,-0.04840087890625,0.0006999969482421875,0.0251312255859375,0.005702972412109375,0.0312347412109375,-0.0704345703125,0.01361846923828125,-0.005706787109375,0.0029468536376953125,0.002857208251953125,-0.04827880859375,0.0107421875,-0.04095458984375,-0.02880859375,0.022216796875,0.03900146484375,-0.0023059844970703125,-0.0303497314453125,-0.0168914794921875,0.01302337646484375,0.062347412109375,-0.0179443359375,0.0177001953125,0.0440673828125,0.0237274169921875,-0.043121337890625,-0.037567138671875,-0.0009713172912597656,-0.005947113037109375,-0.00484466552734375,0.0244903564453125,0.006282806396484375,-0.018218994140625,0.14794921875,0.0233917236328125,0.03173828125,-0.06402587890625,-0.055694580078125,0.0276031494140625,-0.0501708984375,0.043212890625,-0.00606536865234375,0.03387451171875,0.040374755859375,-0.01021575927734375,-0.00262451171875,-0.025421142578125,0.016357421875,0.0169830322265625,-0.047393798828125,0.038604736328125,-0.03033447265625,0.0152130126953125,-0.003021240234375,0.006702423095703125,0.01161956787109375,0.01436614990234375,0.0447998046875,0.0014333724975585938,0.018951416015625,0.01093292236328125,-0.0029659271240234375,-0.01230621337890625,-0.0035152435302734375,-0.006725311279296875,0.036895751953125,-0.018035888671875,-0.0032558441162109375,0.01678466796875,0.00424957275390625,0.0222320556640625,0.009490966796875,0.00843048095703125,0.00385284423828125,-0.010406494140625,-0.056304931640625,-0.006244659423828125,-0.0168914794921875,0.0256195068359375,0.0330810546875,0.0008234977722167969,0.0133819580078125,-0.0095977783203125,-0.050384521484375,0.0137481689453125,-0.0175933837890625,-0.0111846923828125,0.0172119140625,0.0290985107421875,-0.021728515625,-0.00649261474609375,-0.01227569580078125,-0.040740966796875,0.03302001953125,0.0182647705078125,0.0038547515869140625,0.02838134765625,0.022857666015625,0.0400390625,0.016632080078125,0.0189056396484375,0.007259368896484375,0.008941650390625,-0.0138397216796875,-0.0264434814453125,-0.0178985595703125,-0.0299835205078125,-0.033172607421875,-0.006439208984375,0.020050048828125,-0.0227508544921875,-0.00859832763671875,-0.0006198883056640625,0.0180816650390625,-0.0177764892578125,-0.00833892822265625,-0.053497314453125,-0.033966064453125,-0.079833984375,0.039031982421875,-0.00894927978515625,0.0576171875,0.0232086181640625,-0.0257568359375,0.069091796875,-0.01221466064453125,0.020050048828125,-0.026580810546875,0.00809478759765625,-0.02294921875,-0.01390838623046875,-0.0170745849609375,-0.0516357421875,-0.016357421875,-0.0105438232421875,-0.0248260498046875,-0.005527496337890625,0.0088958740234375,0.0280303955078125,-0.003810882568359375,0.006866455078125,0.00244140625,0.01480865478515625,0.0015611648559570312,-0.0016527175903320312,0.03594970703125,0.0023059844970703125,-0.0186004638671875,-0.004726409912109375,0.01922607421875,0.0162200927734375,0.03271484375,-0.039886474609375,-0.03955078125,0.00922393798828125,-0.0021038055419921875,-0.0137176513671875,-0.0308990478515625,0.016265869140625,0.054443359375,0.0012712478637695312,0.035003662109375,-0.048248291015625,0.01082611083984375,0.0037212371826171875,0.0106658935546875,0.005786895751953125,0.0235137939453125,-0.01242828369140625,0.0352783203125,0.00949859619140625,-0.024261474609375,-0.0096282958984375,0.0005121231079101562,-0.00722503662109375,-0.03533935546875,0.006793975830078125,-0.01511383056640625,-0.0130462646484375,-0.0023899078369140625,0.0005354881286621094,0.02587890625,0.040618896484375,-0.012542724609375,0.007061004638671875,-0.0217742919921875,-0.049407958984375,0.0010137557983398438,-0.004894256591796875,0.02545166015625,0.01134490966796875,-0.059356689453125,0.0092010498046875,0.00258636474609375,0.01953125,0.024444580078125,-0.0027561187744140625,-0.0026493072509765625,0.0499267578125,-0.003360748291015625,0.00572967529296875,-0.0094757080078125,0.005031585693359375,0.03265380859375,-0.0328369140625,0.02276611328125,-0.00922393798828125,-0.0221405029296875,0.0082244873046875,-0.02764892578125,0.00611114501953125,0.01033782958984375,0.01617431640625,0.0361328125,0.0244140625,-0.00909423828125,0.0156707763671875,0.026092529296875,0.052886962890625,0.0226898193359375,-0.015960693359375,0.0009012222290039062,-0.016693115234375,-0.026519775390625,0.0072784423828125,-0.0237884521484375,-0.038848876953125,0.034332275390625,-0.0126953125,0.0457763671875,-0.0198974609375,-0.046356201171875,-0.0175933837890625,-0.00112152099609375,0.01560211181640625,0.0426025390625,0.004535675048828125,-0.0038890838623046875,-0.016326904296875,-0.005764007568359375,-0.003215789794921875,-0.037841796875,-0.00157928466796875,-0.036041259765625,0.045623779296875,0.006778717041015625,0.0101165771484375,0.07818603515625,0.00958251953125,0.01158905029296875,0.019622802734375,0.028839111328125,-0.01446533203125,-0.01849365234375,-0.0136566162109375,-0.03912353515625,-0.0216064453125,-0.005252838134765625,0.0192413330078125,0.0184783935546875,-0.019744873046875,-0.00672149658203125,0.0232086181640625,0.0252838134765625,0.0187225341796875,0.023773193359375,-0.00226593017578125,0.00044989585876464844,0.0099945068359375,-0.017730712890625,-0.044769287109375,0.0196990966796875,0.00452423095703125,0.00852203369140625,0.007740020751953125,0.012451171875,-0.0097198486328125,-0.032867431640625,-0.020904541015625,-0.025604248046875,-0.00649261474609375,-0.001399993896484375,0.0225830078125,0.00408172607421875,-0.0166168212890625,-0.0277557373046875,0.0172119140625,-0.038665771484375,0.006275177001953125,0.0308380126953125,0.0014095306396484375,0.01519775390625,0.0015649795532226562,0.025146484375,0.004711151123046875,0.030426025390625,-0.0249786376953125,0.01546478271484375,-0.00583648681640625,0.003932952880859375,-0.06500244140625,-0.0234527587890625,0.0265045166015625,-0.03607177734375,0.013641357421875,-0.00653839111328125,0.0257568359375,-0.0022106170654296875,0.036468505859375,0.00592803955078125,0.0157318115234375,0.0085601806640625,0.0148773193359375,0.0019817352294921875,0.0011310577392578125,-0.0035400390625,-0.0299530029296875,-0.0010786056518554688,0.04278564453125,-0.06536865234375,-0.0277862548828125,0.0129547119140625,0.0219573974609375,0.0169219970703125,-0.037689208984375,-0.0091705322265625,0.002597808837890625,-0.00024962425231933594,0.029388427734375,0.0215301513671875,-0.01232147216796875,0.0161895751953125,-0.00934600830078125,0.0105133056640625,-0.0335693359375,-0.0230560302734375,-0.00562286376953125,0.00417327880859375,-0.0009016990661621094,0.00926971435546875,-0.005107879638671875,-0.0418701171875,-0.00728607177734375,0.0394287109375,-0.00440216064453125,-0.026458740234375,0.051605224609375,0.0264129638671875,0.0083770751953125,-0.007411956787109375,-0.039947509765625,0.0001533031463623047,-0.01174163818359375,0.01464080810546875,-0.050506591796875,0.0194549560546875,-0.019683837890625,-0.0184173583984375,-0.0222015380859375,0.01385498046875,0.033843994140625,0.0164794921875,-0.0076904296875,0.045654296875,-0.00661468505859375,0.0246429443359375,0.0197296142578125,0.01678466796875,-0.0195159912109375,0.01174163818359375,0.023834228515625,-0.00963592529296875,-0.00921630859375,0.01154327392578125,-0.01009368896484375,0.00537109375,0.0106048583984375,0.006805419921875,-0.0340576171875,0.0312347412109375,-0.00315093994140625,0.006290435791015625,-0.020721435546875,-0.0023517608642578125,-0.0277557373046875,0.02813720703125,0.01076507568359375,0.036956787109375,0.0149383544921875,-0.00748443603515625,-0.026947021484375,-0.01308441162109375,0.00926971435546875,0.01546478271484375,-0.0098724365234375,0.0171966552734375,-0.002788543701171875,-0.01409149169921875,-0.047332763671875,-0.0065155029296875,-0.022491455078125,-0.0089111328125,-0.02099609375,-0.0227508544921875,0.007244110107421875,0.019287109375,0.040924072265625,-0.02227783203125,-0.017730712890625,0.049530029296875,-0.040618896484375,0.00855255126953125,-0.0120391845703125,-0.023345947265625,0.00994873046875,-0.003704071044921875,0.051025390625,-0.0012454986572265625,-0.0035495758056640625,-0.0160369873046875,-0.019500732421875,-0.036285400390625,-0.00865936279296875,0.0252532958984375,-0.00782012939453125,0.043487548828125,0.005214691162109375,0.012908935546875,0.034942626953125,-0.01317596435546875,0.03887939453125,0.0019083023071289062,0.0205841064453125,0.00853729248046875,-0.03973388671875,0.042266845703125,0.029937744140625,-0.0021038055419921875,-0.0361328125,-0.033843994140625,-0.035064697265625,-0.004085540771484375,-0.01555633544921875,-0.0265350341796875,-0.0045166015625,-0.008453369140625,0.036956787109375,-0.0177154541015625,-0.05615234375,0.0143890380859375,0.00323486328125,0.03363037109375,-0.0200653076171875,0.0257415771484375,0.0284423828125,0.0228118896484375,-0.001766204833984375,0.03350830078125,0.0116119384765625,0.005809783935546875,-0.012420654296875,-0.029449462890625,-0.04876708984375,0.029449462890625,0.001232147216796875,0.007537841796875,0.031951904296875,-0.01247406005859375,0.006011962890625,-0.0447998046875,0.0276641845703125,0.02410888671875,0.004390716552734375,0.00606536865234375,-0.0025119781494140625,0.0321044921875,0.0067901611328125,-0.00867462158203125,0.029022216796875,0.005672454833984375,-0.01349639892578125,0.003971099853515625,-0.0017499923706054688,-0.0160980224609375,-0.0093841552734375,-0.00952911376953125,0.036041259765625,-0.041168212890625,-0.0085906982421875,0.004680633544921875,-0.01244354248046875,-0.043243408203125,-0.01071929931640625,-0.004901885986328125,-0.0048675537109375,-0.00606536865234375,0.00533294677734375,-0.0155029296875,-0.0394287109375,0.007091522216796875,0.038787841796875,-0.0026111602783203125,-0.00278472900390625,-0.00646209716796875,0.0096588134765625,-0.0203857421875,0.017425537109375,-0.01313018798828125,-0.0033283233642578125,-0.03570556640625,-0.01036834716796875,-0.0256195068359375,-0.00739288330078125,-0.030364990234375,-0.0011739730834960938,-0.01181793212890625,0.0031280517578125,0.023406982421875,-0.00640869140625,0.04107666015625,0.0269775390625,-0.0037250518798828125,-0.01043701171875,0.0325927734375,0.050201416015625,-0.007495880126953125,0.01146697998046875,-0.0096282958984375,-0.00875091552734375,-0.004627227783203125,0.00452423095703125,0.038116455078125,-0.0214996337890625,0.050079345703125,0.0107269287109375,-0.018402099609375,0.027496337890625,0.03863525390625,-0.0269775390625,0.034576416015625,0.018280029296875,0.0004906654357910156,-0.025146484375,0.00836181640625,0.013641357421875,0.0118865966796875,-0.0249786376953125,-0.054107666015625,-0.0168304443359375,0.01255035400390625,0.00020110607147216797,-0.017059326171875,-0.0039825439453125,0.033966064453125,0.06353759765625,0.0164031982421875,0.026702880859375,0.06634521484375,-0.01000213623046875,0.001911163330078125,-0.0036678314208984375,0.03594970703125,0.00411224365234375,-0.031463623046875,-0.0011577606201171875,-0.0017871856689453125,-0.016632080078125,-0.021484375,-0.02166748046875,-0.005886077880859375,0.0060882568359375,-0.04144287109375,0.0244140625,-0.00612640380859375,0.002475738525390625,-0.01461029052734375,0.01174163818359375,0.02398681640625,-0.0294952392578125,0.0162506103515625,-0.0269927978515625,0.007411956787109375,0.006824493408203125,-0.0245361328125,-0.008392333984375,0.007904052734375,0.00002777576446533203,-0.0521240234375,0.0121612548828125,-0.00040531158447265625,0.016021728515625,-0.027069091796875,0.0478515625,0.0076141357421875,-0.034454345703125,-0.01111602783203125,0.00940704345703125,-0.0025730133056640625,-0.0120391845703125,0.004718780517578125,0.00885772705078125,-0.0014400482177734375,0.024444580078125,0.01471710205078125,0.01751708984375,-0.0062713623046875,-0.0089263916015625,0.0037136077880859375,-0.01215362548828125,-0.0071868896484375,0.019439697265625,0.00421142578125,0.01068878173828125,0.0029087066650390625,-0.005825042724609375,0.00691986083984375,-0.0080108642578125,-0.0196380615234375,0.01023101806640625,0.012420654296875,0.0310821533203125,-0.01110076904296875,0.024139404296875,-0.005519866943359375,-0.037750244140625,-0.0033321380615234375,0.00177001953125,-0.0265655517578125,-0.0263824462890625,0.0340576171875,-0.00870513916015625,0.01076507568359375,0.045379638671875,0.053802490234375,-0.00046324729919433594,0.038116455078125,0.01277923583984375,0.016632080078125,-0.013519287109375,0.002628326416015625,-0.014190673828125,0.005451202392578125,0.05291748046875,-0.01264190673828125,0.008209228515625,-0.002349853515625,-0.0171356201171875,-0.007785797119140625,-0.0096588134765625,-0.01898193359375,0.0012044906616210938,0.030548095703125,-0.01097869873046875,0.004886627197265625,0.001049041748046875,0.01812744140625,-0.0204925537109375,0.026641845703125,0.00536346435546875,0.0295562744140625,0.0159454345703125,0.01275634765625,0.0147247314453125,0.015472412109375,0.0278167724609375,0.0479736328125,-0.0107421875,0.00788116455078125,-0.0024776458740234375,-0.0203704833984375,0.004199981689453125,-0.0001417398452758789,0.010467529296875,-0.030242919921875,0.0025691986083984375,0.0067596435546875,-0.003360748291015625,0.039794921875,0.00891876220703125,0.004154205322265625,-0.032318115234375,-0.050506591796875,-0.019500732421875,-0.02154541015625,0.0287322998046875,-0.005489349365234375,0.01146697998046875,-0.0162506103515625,0.03253173828125,-0.0040740966796875,-0.025421142578125,-0.0023555755615234375,0.020660400390625,-0.0291748046875,-0.034637451171875,0.0540771484375,-0.018341064453125,0.0017547607421875,-0.0323486328125,-0.031951904296875,0.0231781005859375,0.0096435546875,-0.005107879638671875,-0.006435394287109375,-0.00902557373046875,0.0282135009765625,0.00945281982421875,0.017578125,0.040130615234375,0.0171051025390625,0.004711151123046875,-0.0157623291015625,-0.034454345703125,-0.0200958251953125,-0.0184173583984375,0.0267181396484375,-0.0083770751953125,0.040374755859375,-0.0047760009765625,-0.01387786865234375,0.0048675537109375,-0.00482177734375,0.00490570068359375,0.034210205078125,0.026153564453125,-0.00936126708984375,0.037689208984375,0.02099609375,0.0015344619750976562,-0.0169677734375,0.0034637451171875,-0.0028896331787109375,-0.031890869140625,0.027374267578125,-0.05511474609375,-0.034698486328125,-0.0299835205078125,-0.0006475448608398438,0.01446533203125,-0.0034275054931640625,0.005413055419921875,-0.0225677490234375,-0.04095458984375,-0.01499176025390625,-0.0352783203125,0.042388916015625,0.0113067626953125,-0.0020008087158203125,0.01277923583984375,0.0093994140625,-0.0401611328125,-0.023468017578125,0.037384033203125,-0.0655517578125,-0.01446533203125,0.0113677978515625,0.0266876220703125,0.0214385986328125,0.003173828125,-0.029205322265625,0.01396942138671875,0.0036144256591796875,0.0106201171875,0.0280914306640625,0.03009033203125,0.0043182373046875,0.0200958251953125,-0.0211944580078125,-0.009765625,0.00337982177734375,-0.00878143310546875,-0.017364501953125,-0.013946533203125,0.01293182373046875,-0.032135009765625,0.005886077880859375,0.0007429122924804688,0.0174560546875,0.00608062744140625,-0.0201263427734375,0.037261962890625,-0.0219573974609375,-0.00301361083984375,0.004241943359375,-0.0006051063537597656,0.0216522216796875,0.006328582763671875,0.0159454345703125,0.02264404296875,0.0093841552734375,0.0007028579711914062,0.00423431396484375,0.0008358955383300781,0.0160064697265625,0.0096588134765625,0.0283050537109375,-0.0081329345703125,-0.032958984375,0.038055419921875,-0.0008692741394042969,0.0195465087890625,0.0037689208984375,0.003070831298828125,0.037750244140625,0.0012559890747070312,-0.0031070709228515625,0.01446533203125,0.01421356201171875,-0.0006055831909179688,0.028656005859375,-0.01209259033203125,-0.04290771484375,0.040130615234375,-0.001194000244140625,-0.00382232666015625,0.029388427734375,-0.01873779296875,-0.0160675048828125,-0.018280029296875,-0.0158843994140625,0.00637054443359375,-0.031585693359375,0.0052947998046875,0.016937255859375,-0.005420684814453125,-0.022735595703125,-0.032684326171875,0.02716064453125,0.028717041015625,0.00589752197265625,-0.004734039306640625,-0.0027008056640625,0.0021572113037109375,0.0213775634765625,-0.04205322265625,0.0171051025390625,-0.00121307373046875,0.0027008056640625,-0.0022563934326171875,0.00919342041015625,0.0421142578125,-0.0206298828125,0.01000213623046875,-0.0181427001953125,0.00383758544921875,0.005184173583984375,0.03900146484375,0.012603759765625,-0.015289306640625,-0.007305145263671875,0.023468017578125,-0.031463623046875,-0.0134124755859375,0.01690673828125,-0.0283203125,-0.0261077880859375,-0.02197265625,-0.03558349609375,0.01442718505859375,-0.0199737548828125,0.005786895751953125,0.008941650390625,0.017242431640625,0.006195068359375,-0.0303955078125,-0.00044345855712890625,0.005428314208984375,0.0033626556396484375,0.018707275390625,0.01105499267578125,-0.048492431640625,-0.00952911376953125,0.03948974609375,-0.033477783203125,0.004474639892578125,-0.043487548828125,-0.00876617431640625,0.0269012451171875,0.013580322265625,-0.0244140625,-0.005123138427734375,0.01531982421875,-0.0236663818359375,0.00432586669921875,-0.0252838134765625,0.005084991455078125,-0.032958984375,-0.0059814453125,-0.0005974769592285156,-0.0089569091796875,0.0113525390625,-0.034149169921875,0.0160369873046875,-0.00743865966796875,0.005283355712890625,0.016937255859375,0.02783203125,0.010650634765625,-0.0026493072509765625,-0.021148681640625,-0.006046295166015625,-0.0133209228515625,-0.005096435546875,0.000027477741241455078,0.038665771484375,0.00283050537109375,-0.0030307769775390625,-0.034515380859375,-0.0011606216430664062,0.0099029541015625,0.007274627685546875,-0.0014104843139648438,-0.00833892822265625,0.032470703125,0.019775390625,0.0158843994140625,0.01824951171875,-0.0294952392578125,0.02008056640625,-0.01107025146484375,-0.0175018310546875,0.0029048919677734375,0.01416778564453125,-0.0033092498779296875,0.006481170654296875,0.0203094482421875,0.01334381103515625,-0.01209259033203125,-0.0225677490234375,0.008819580078125,-0.0044403076171875,-0.00930023193359375,0.0247650146484375,0.05462646484375,0.020538330078125,0.0021839141845703125,-0.01497650146484375,-0.01491546630859375,0.0015420913696289062,-0.00981903076171875,-0.00220489501953125,0.0036640167236328125,0.0015869140625,-0.01335906982421875,-0.03021240234375,0.02191162109375,0.0095672607421875,0.0245361328125,0.0033016204833984375,-0.0059661865234375,-0.03656005859375,0.00009512901306152344,-0.0248565673828125,0.00885772705078125,-0.0129852294921875,0.0279693603515625,-0.01497650146484375,-0.0132598876953125,0.005901336669921875,0.002986907958984375,0.007106781005859375,0.0166778564453125,-0.0433349609375,0.0311126708984375,0.01529693603515625,0.02862548828125,0.0057220458984375,0.016143798828125,-0.0112152099609375,0.0222320556640625,-0.0281829833984375,-0.005496978759765625,-0.0202484130859375,-0.0175018310546875,-0.01080322265625,-0.0261993408203125,0.0104522705078125,0.030242919921875,0.001407623291015625,0.0203704833984375,0.04541015625,-0.0301055908203125,0.01050567626953125,0.0260467529296875,-0.021209716796875,-0.006938934326171875,0.0020809173583984375,0.0105743408203125,-0.00287628173828125,0.049713134765625,-0.0046234130859375,-0.041107177734375,-0.01410675048828125,-0.0015268325805664062,-0.00839996337890625,-0.0097503662109375,-0.0306549072265625,-0.01490020751953125,0.0020008087158203125,-0.005939483642578125,0.0150299072265625,-0.0316162109375,-0.01544189453125,0.025634765625,0.00286865234375,0.053070068359375,0.021728515625,-0.015960693359375,0.03106689453125,-0.023406982421875,0.0025844573974609375,-0.035736083984375,0.002178192138671875,0.02410888671875,0.025482177734375,0.00803375244140625,0.014434814453125,-0.0077667236328125,-0.01560211181640625,0.0830078125,-0.005535125732421875,-0.00437164306640625,0.0031452178955078125,0.0435791015625,-0.0161895751953125,-0.00992584228515625,-0.0122833251953125,0.0006122589111328125,0.00466156005859375,0.0262603759765625,-0.046356201171875,-0.01511383056640625,0.01751708984375,-0.0265960693359375,0.01470184326171875,0.005344390869140625,0.01055908203125,0.005413055419921875,-0.044891357421875,0.0019388198852539062,0.0134429931640625,-0.01085662841796875,-0.01690673828125,0.005344390869140625,0.023284912109375,0.00783538818359375,-0.0070648193359375,-0.047576904296875,0.01220703125,0.058319091796875,0.00391387939453125,-0.0281982421875,0.01158905029296875,0.03302001953125,-0.006320953369140625,0.0104827880859375,0.0189971923828125,-0.0005884170532226562,-0.0263214111328125,0.03594970703125,0.033203125,0.0282745361328125,0.034027099609375,-0.030487060546875,-0.004970550537109375,-0.015960693359375,-0.00243377685546875,-0.0222625732421875,-0.01090240478515625,0.039215087890625,0.01513671875,0.005428314208984375,0.003910064697265625,0.0190277099609375,0.0012063980102539062,0.0389404296875,0.030181884765625,-0.044036865234375,0.0118865966796875,-0.01308441162109375,-0.0137176513671875,0.01165008544921875,-0.00899505615234375,-0.002227783203125],10","stack":"Error: Failed query: select \"formawork_ai_web_crawdworks_13271198\".\"translation_memories\".\"id\", \"formawork_ai_web_crawdworks_13271198\".\"projects\".\"name\", 1 - (\"formawork_ai_web_crawdworks_13271198\".\"translation_memories\".\"source_embedding\" <=> $1::extensions.vector), \"formawork_ai_web_crawdworks_13271198\".\"translation_memories\".\"source_text\", \"formawork_ai_web_crawdworks_13271198\".\"translation_memories\".\"target_text\" from \"formawork_ai_web_crawdworks_13271198\".\"translation_memories\" inner join \"formawork_ai_web_crawdworks_13271198\".\"projects\" on \"formawork_ai_web_crawdworks_13271198\".\"projects\".\"id\" = \"formawork_ai_web_crawdworks_13271198\".\"translation_memories\".\"project_id\" where (\"formawork_ai_web_crawdworks_13271198\".\"translation_memories\".\"project_id\" = $2 and 1 - (\"formawork_ai_web_crawdworks_13271198\".\"translation_memories\".\"source_embedding\" <=> $3::extensions.vector) >= $4) order by \"formawork_ai_web_crawdworks_13271198\".\"translation_memories\".\"source_embedding\" <=> $5::extensions.vector limit $6\nparams: [0.018890380859375,0.0158233642578125,-0.045867919921875,-0.005435943603515625,-0.04693603515625,-0.022216796875,0.012298583984375,0.029632568359375,0.003002166748046875,-0.01983642578125,0.00914764404296875,-0.040802001953125,-0.0011377334594726562,0.0302734375,-0.0281524658203125,-0.0062713623046875,-0.016632080078125,-0.013824462890625,-0.030059814453125,-0.01424407958984375,-0.027435302734375,-0.0005946159362792969,0.043487548828125,0.0026416778564453125,0.038848876953125,-0.011962890625,-0.0165252685546875,-0.01080322265625,0.04156494140625,0.01214599609375,0.025543212890625,-0.022705078125,0.0614013671875,-0.01221466064453125,0.016998291015625,0.00881195068359375,0.037506103515625,0.012969970703125,0.0279541015625,0.004436492919921875,-0.049835205078125,-0.038116455078125,-0.00437164306640625,-0.006927490234375,0.0257415771484375,0.065185546875,-0.0262603759765625,-0.0179443359375,-0.01157379150390625,0.026275634765625,-0.0159149169921875,-0.039031982421875,0.0062103271484375,-0.037353515625,0.0257415771484375,0.00952911376953125,0.051727294921875,0.0149688720703125,0.062225341796875,0.022491455078125,0.045501708984375,-0.0718994140625,0.01508331298828125,-0.0259246826171875,-0.04718017578125,-0.0249481201171875,0.022796630859375,0.0240020751953125,-0.0284881591796875,-0.022369384765625,-0.01800537109375,-0.0278167724609375,-0.0264129638671875,0.019561767578125,-0.043609619140625,-0.01194000244140625,0.01555633544921875,0.0190277099609375,0.05169677734375,-0.00012373924255371094,-0.040252685546875,0.03009033203125,-0.0225067138671875,-0.01340484619140625,0.0011196136474609375,0.004177093505859375,0.0024127960205078125,-0.0090484619140625,-0.01056671142578125,0.0014486312866210938,-0.05780029296875,0.009490966796875,0.02264404296875,0.04248046875,-0.041259765625,0.04144287109375,0.0103759765625,-0.0173187255859375,-0.045654296875,0.046417236328125,0.07550048828125,0.0114898681640625,0.023223876953125,-0.0171051025390625,-0.0194091796875,-0.077392578125,-0.09344482421875,-0.01263427734375,-0.02740478515625,0.0187530517578125,0.0430908203125,-0.05804443359375,-0.11083984375,0.014190673828125,-0.0211181640625,-0.0009489059448242188,-0.034271240234375,0.01169586181640625,0.005023956298828125,0.030426025390625,-0.041046142578125,0.00487518310546875,0.024261474609375,-0.04144287109375,-0.0191192626953125,0.033294677734375,-0.006595611572265625,0.037353515625,-0.055877685546875,-0.041168212890625,0.002254486083984375,-0.0202789306640625,0.048583984375,0.007137298583984375,0.035125732421875,-0.00605010986328125,-0.023895263671875,0.015838623046875,-0.008331298828125,-0.031829833984375,0.00031876564025878906,-0.014251708984375,0.0027904510498046875,-0.00688934326171875,-0.060028076171875,0.03631591796875,-0.01265716552734375,0.0236968994140625,-0.0263214111328125,0.026947021484375,-0.01107025146484375,0.0095367431640625,-0.030609130859375,-0.01496124267578125,-0.0036220550537109375,0.049652099609375,0.002777099609375,0.022735595703125,-0.0302734375,0.02392578125,0.0221099853515625,0.01103973388671875,-0.0184783935546875,-0.016021728515625,-0.016448974609375,-0.057342529296875,0.0152435302734375,0.024200439453125,-0.03680419921875,-0.01555633544921875,0.0311126708984375,0.0062103271484375,0.00850677490234375,-0.0433349609375,0.0077362060546875,0.028717041015625,0.027008056640625,-0.06622314453125,0.044097900390625,0.00992584228515625,0.044097900390625,0.01654052734375,-0.040618896484375,-0.0097503662109375,-0.01395416259765625,-0.0408935546875,-0.034149169921875,0.011199951171875,-0.007537841796875,-0.0460205078125,0.01163482666015625,-0.029632568359375,0.005092620849609375,-0.0049285888671875,-0.0175628662109375,-0.043792724609375,-0.0130157470703125,-0.039947509765625,0.01078033447265625,-0.0155029296875,0.040313720703125,-0.062103271484375,0.00307464599609375,0.00974273681640625,-0.0175018310546875,0.01123046875,-0.029693603515625,0.026763916015625,-0.0010557174682617188,-0.00836944580078125,0.0177154541015625,-0.0088043212890625,-0.02911376953125,0.035491943359375,0.027191162109375,0.035888671875,0.016387939453125,0.01235198974609375,-0.031890869140625,0.0164031982421875,-0.01457977294921875,0.006626129150390625,0.0008435249328613281,0.046661376953125,-0.052825927734375,0.059173583984375,-0.03619384765625,-0.007526397705078125,0.0036830902099609375,-0.00357818603515625,0.002910614013671875,-0.01190948486328125,-0.01143646240234375,-0.005855560302734375,0.0243072509765625,0.00215911865234375,-0.0017423629760742188,-0.0267486572265625,0.0033245086669921875,-0.0250244140625,-0.0049896240234375,-0.006725311279296875,-0.0216217041015625,0.0322265625,0.0214996337890625,-0.0129547119140625,0.0168914794921875,0.01397705078125,0.02447509765625,0.0279388427734375,0.03173828125,0.01316070556640625,-0.006439208984375,-0.035003662109375,-0.018890380859375,0.015380859375,-0.0355224609375,0.0299224853515625,-0.011260986328125,-0.024566650390625,0.0219268798828125,-0.0040435791015625,-0.037261962890625,-0.021484375,0.0111846923828125,0.04669189453125,0.070068359375,0.027313232421875,0.00649261474609375,-0.0241851806640625,0.0574951171875,-0.0178070068359375,-0.042388916015625,0.0372314453125,-0.022857666015625,0.00400543212890625,-0.051849365234375,0.044189453125,0.004055023193359375,0.0152130126953125,-0.0253143310546875,-0.05108642578125,-0.0325927734375,-0.0814208984375,-0.0294036865234375,-0.01119232177734375,0.040374755859375,0.032196044921875,0.0029354095458984375,0.0077362060546875,0.0234222412109375,-0.0237274169921875,0.0004734992980957031,0.017822265625,0.004390716552734375,-0.001537322998046875,0.00604248046875,-0.003314971923828125,-0.04486083984375,-0.010955810546875,0.0006422996520996094,-0.0174560546875,-0.03399658203125,0.0234222412109375,-0.0030059814453125,0.034271240234375,-0.00637054443359375,-0.033203125,-0.007305145263671875,-0.060546875,-0.00811767578125,0.0264129638671875,-0.048095703125,-0.04541015625,0.0232391357421875,-0.050750732421875,0.029632568359375,0.0226287841796875,0.023223876953125,0.00751495361328125,-0.0218048095703125,-0.055206298828125,-0.0491943359375,0.0008721351623535156,-0.018798828125,0.0158538818359375,0.0020999908447265625,-0.0218505859375,0.03955078125,0.020965576171875,-0.00534820556640625,-0.036590576171875,0.0268096923828125,-0.0247802734375,0.02459716796875,0.0419921875,-0.0016269683837890625,0.005863189697265625,0.01233673095703125,-0.0236663818359375,0.040924072265625,-0.029510498046875,0.003631591796875,-0.01137542724609375,0.02484130859375,-0.07037353515625,0.0104827880859375,-0.05938720703125,0.02447509765625,-0.0032634735107421875,0.01006317138671875,-0.0183868408203125,-0.0035552978515625,-0.011016845703125,0.0300140380859375,-0.0203857421875,0.06756591796875,0.0272216796875,-0.04095458984375,-0.035888671875,-0.0299835205078125,-0.006317138671875,0.00640106201171875,-0.0479736328125,-0.043487548828125,-0.02142333984375,0.00452423095703125,-0.003177642822265625,-0.01251220703125,-0.005046844482421875,0.0302734375,0.04132080078125,-0.00927734375,-0.0128326416015625,-0.025909423828125,-0.046173095703125,-0.0217742919921875,0.016204833984375,0.017120361328125,-0.00311279296875,-0.0115203857421875,-0.0160369873046875,-0.0215606689453125,-0.004344940185546875,0.0189666748046875,0.0014925003051757812,-0.01519775390625,0.0244140625,0.01922607421875,-0.0731201171875,-0.03594970703125,-0.0036602020263671875,0.0230865478515625,0.0291748046875,-0.00653076171875,0.045135498046875,0.047576904296875,0.04229736328125,-0.0007309913635253906,-0.01776123046875,-0.0034770965576171875,-0.00341033935546875,-0.03875732421875,0.07818603515625,-0.0197601318359375,0.0251312255859375,0.005069732666015625,0.0205535888671875,0.0215911865234375,0.035888671875,0.043212890625,-0.03826904296875,0.01654052734375,-0.021209716796875,-0.0100250244140625,-0.00983428955078125,0.00896453857421875,-0.00958251953125,0.01538848876953125,-0.0182342529296875,0.007381439208984375,-0.046600341796875,-0.0333251953125,0.0007853507995605469,-0.0204925537109375,-0.0213165283203125,-0.0240631103515625,-0.0240631103515625,0.0241851806640625,-0.0300140380859375,-0.005428314208984375,0.00616455078125,0.0121002197265625,-0.00713348388671875,0.00135040283203125,-0.03289794921875,-0.04852294921875,-0.0159759521484375,0.0177001953125,0.002910614013671875,-0.0237579345703125,0.001708984375,-0.0071258544921875,0.045135498046875,-0.009246826171875,0.007511138916015625,-0.033203125,0.041168212890625,0.01305389404296875,-0.0120391845703125,-0.014495849609375,0.003021240234375,-0.04840087890625,0.0006999969482421875,0.0251312255859375,0.005702972412109375,0.0312347412109375,-0.0704345703125,0.01361846923828125,-0.005706787109375,0.0029468536376953125,0.002857208251953125,-0.04827880859375,0.0107421875,-0.04095458984375,-0.02880859375,0.022216796875,0.03900146484375,-0.0023059844970703125,-0.0303497314453125,-0.0168914794921875,0.01302337646484375,0.062347412109375,-0.0179443359375,0.0177001953125,0.0440673828125,0.0237274169921875,-0.043121337890625,-0.037567138671875,-0.0009713172912597656,-0.005947113037109375,-0.00484466552734375,0.0244903564453125,0.006282806396484375,-0.018218994140625,0.14794921875,0.0233917236328125,0.03173828125,-0.06402587890625,-0.055694580078125,0.0276031494140625,-0.0501708984375,0.043212890625,-0.00606536865234375,0.03387451171875,0.040374755859375,-0.01021575927734375,-0.00262451171875,-0.025421142578125,0.016357421875,0.0169830322265625,-0.047393798828125,0.038604736328125,-0.03033447265625,0.0152130126953125,-0.003021240234375,0.006702423095703125,0.01161956787109375,0.01436614990234375,0.0447998046875,0.0014333724975585938,0.018951416015625,0.01093292236328125,-0.0029659271240234375,-0.01230621337890625,-0.0035152435302734375,-0.006725311279296875,0.036895751953125,-0.018035888671875,-0.0032558441162109375,0.01678466796875,0.00424957275390625,0.0222320556640625,0.009490966796875,0.00843048095703125,0.00385284423828125,-0.010406494140625,-0.056304931640625,-0.006244659423828125,-0.0168914794921875,0.0256195068359375,0.0330810546875,0.0008234977722167969,0.0133819580078125,-0.0095977783203125,-0.050384521484375,0.0137481689453125,-0.0175933837890625,-0.0111846923828125,0.0172119140625,0.0290985107421875,-0.021728515625,-0.00649261474609375,-0.01227569580078125,-0.040740966796875,0.03302001953125,0.0182647705078125,0.0038547515869140625,0.02838134765625,0.022857666015625,0.0400390625,0.016632080078125,0.0189056396484375,0.007259368896484375,0.008941650390625,-0.0138397216796875,-0.0264434814453125,-0.0178985595703125,-0.0299835205078125,-0.033172607421875,-0.006439208984375,0.020050048828125,-0.0227508544921875,-0.00859832763671875,-0.0006198883056640625,0.0180816650390625,-0.0177764892578125,-0.00833892822265625,-0.053497314453125,-0.033966064453125,-0.079833984375,0.039031982421875,-0.00894927978515625,0.0576171875,0.0232086181640625,-0.0257568359375,0.069091796875,-0.01221466064453125,0.020050048828125,-0.026580810546875,0.00809478759765625,-0.02294921875,-0.01390838623046875,-0.0170745849609375,-0.0516357421875,-0.016357421875,-0.0105438232421875,-0.0248260498046875,-0.005527496337890625,0.0088958740234375,0.0280303955078125,-0.003810882568359375,0.006866455078125,0.00244140625,0.01480865478515625,0.0015611648559570312,-0.0016527175903320312,0.03594970703125,0.0023059844970703125,-0.0186004638671875,-0.004726409912109375,0.01922607421875,0.0162200927734375,0.03271484375,-0.039886474609375,-0.03955078125,0.00922393798828125,-0.0021038055419921875,-0.0137176513671875,-0.0308990478515625,0.016265869140625,0.054443359375,0.0012712478637695312,0.035003662109375,-0.048248291015625,0.01082611083984375,0.0037212371826171875,0.0106658935546875,0.005786895751953125,0.0235137939453125,-0.01242828369140625,0.0352783203125,0.00949859619140625,-0.024261474609375,-0.0096282958984375,0.0005121231079101562,-0.00722503662109375,-0.03533935546875,0.006793975830078125,-0.01511383056640625,-0.0130462646484375,-0.0023899078369140625,0.0005354881286621094,0.02587890625,0.040618896484375,-0.012542724609375,0.007061004638671875,-0.0217742919921875,-0.049407958984375,0.0010137557983398438,-0.004894256591796875,0.02545166015625,0.01134490966796875,-0.059356689453125,0.0092010498046875,0.00258636474609375,0.01953125,0.024444580078125,-0.0027561187744140625,-0.0026493072509765625,0.0499267578125,-0.003360748291015625,0.00572967529296875,-0.0094757080078125,0.005031585693359375,0.03265380859375,-0.0328369140625,0.02276611328125,-0.00922393798828125,-0.0221405029296875,0.0082244873046875,-0.02764892578125,0.00611114501953125,0.01033782958984375,0.01617431640625,0.0361328125,0.0244140625,-0.00909423828125,0.0156707763671875,0.026092529296875,0.052886962890625,0.0226898193359375,-0.015960693359375,0.0009012222290039062,-0.016693115234375,-0.026519775390625,0.0072784423828125,-0.0237884521484375,-0.038848876953125,0.034332275390625,-0.0126953125,0.0457763671875,-0.0198974609375,-0.046356201171875,-0.0175933837890625,-0.00112152099609375,0.01560211181640625,0.0426025390625,0.004535675048828125,-0.0038890838623046875,-0.016326904296875,-0.005764007568359375,-0.003215789794921875,-0.037841796875,-0.00157928466796875,-0.036041259765625,0.045623779296875,0.006778717041015625,0.0101165771484375,0.07818603515625,0.00958251953125,0.01158905029296875,0.019622802734375,0.028839111328125,-0.01446533203125,-0.01849365234375,-0.0136566162109375,-0.03912353515625,-0.0216064453125,-0.005252838134765625,0.0192413330078125,0.0184783935546875,-0.019744873046875,-0.00672149658203125,0.0232086181640625,0.0252838134765625,0.0187225341796875,0.023773193359375,-0.00226593017578125,0.00044989585876464844,0.0099945068359375,-0.017730712890625,-0.044769287109375,0.0196990966796875,0.00452423095703125,0.00852203369140625,0.007740020751953125,0.012451171875,-0.0097198486328125,-0.032867431640625,-0.020904541015625,-0.025604248046875,-0.00649261474609375,-0.001399993896484375,0.0225830078125,0.00408172607421875,-0.0166168212890625,-0.0277557373046875,0.0172119140625,-0.038665771484375,0.006275177001953125,0.0308380126953125,0.0014095306396484375,0.01519775390625,0.0015649795532226562,0.025146484375,0.004711151123046875,0.030426025390625,-0.0249786376953125,0.01546478271484375,-0.00583648681640625,0.003932952880859375,-0.06500244140625,-0.0234527587890625,0.0265045166015625,-0.03607177734375,0.013641357421875,-0.00653839111328125,0.0257568359375,-0.0022106170654296875,0.036468505859375,0.00592803955078125,0.0157318115234375,0.0085601806640625,0.0148773193359375,0.0019817352294921875,0.0011310577392578125,-0.0035400390625,-0.0299530029296875,-0.0010786056518554688,0.04278564453125,-0.06536865234375,-0.0277862548828125,0.0129547119140625,0.0219573974609375,0.0169219970703125,-0.037689208984375,-0.0091705322265625,0.002597808837890625,-0.00024962425231933594,0.029388427734375,0.0215301513671875,-0.01232147216796875,0.0161895751953125,-0.00934600830078125,0.0105133056640625,-0.0335693359375,-0.0230560302734375,-0.00562286376953125,0.00417327880859375,-0.0009016990661621094,0.00926971435546875,-0.005107879638671875,-0.0418701171875,-0.00728607177734375,0.0394287109375,-0.00440216064453125,-0.026458740234375,0.051605224609375,0.0264129638671875,0.0083770751953125,-0.007411956787109375,-0.039947509765625,0.0001533031463623047,-0.01174163818359375,0.01464080810546875,-0.050506591796875,0.0194549560546875,-0.019683837890625,-0.0184173583984375,-0.0222015380859375,0.01385498046875,0.033843994140625,0.0164794921875,-0.0076904296875,0.045654296875,-0.00661468505859375,0.0246429443359375,0.0197296142578125,0.01678466796875,-0.0195159912109375,0.01174163818359375,0.023834228515625,-0.00963592529296875,-0.00921630859375,0.01154327392578125,-0.01009368896484375,0.00537109375,0.0106048583984375,0.006805419921875,-0.0340576171875,0.0312347412109375,-0.00315093994140625,0.006290435791015625,-0.020721435546875,-0.0023517608642578125,-0.0277557373046875,0.02813720703125,0.01076507568359375,0.036956787109375,0.0149383544921875,-0.00748443603515625,-0.026947021484375,-0.01308441162109375,0.00926971435546875,0.01546478271484375,-0.0098724365234375,0.0171966552734375,-0.002788543701171875,-0.01409149169921875,-0.047332763671875,-0.0065155029296875,-0.022491455078125,-0.0089111328125,-0.02099609375,-0.0227508544921875,0.007244110107421875,0.019287109375,0.040924072265625,-0.02227783203125,-0.017730712890625,0.049530029296875,-0.040618896484375,0.00855255126953125,-0.0120391845703125,-0.023345947265625,0.00994873046875,-0.003704071044921875,0.051025390625,-0.0012454986572265625,-0.0035495758056640625,-0.0160369873046875,-0.019500732421875,-0.036285400390625,-0.00865936279296875,0.0252532958984375,-0.00782012939453125,0.043487548828125,0.005214691162109375,0.012908935546875,0.034942626953125,-0.01317596435546875,0.03887939453125,0.0019083023071289062,0.0205841064453125,0.00853729248046875,-0.03973388671875,0.042266845703125,0.029937744140625,-0.0021038055419921875,-0.0361328125,-0.033843994140625,-0.035064697265625,-0.004085540771484375,-0.01555633544921875,-0.0265350341796875,-0.0045166015625,-0.008453369140625,0.036956787109375,-0.0177154541015625,-0.05615234375,0.0143890380859375,0.00323486328125,0.03363037109375,-0.0200653076171875,0.0257415771484375,0.0284423828125,0.0228118896484375,-0.001766204833984375,0.03350830078125,0.0116119384765625,0.005809783935546875,-0.012420654296875,-0.029449462890625,-0.04876708984375,0.029449462890625,0.001232147216796875,0.007537841796875,0.031951904296875,-0.01247406005859375,0.006011962890625,-0.0447998046875,0.0276641845703125,0.02410888671875,0.004390716552734375,0.00606536865234375,-0.0025119781494140625,0.0321044921875,0.0067901611328125,-0.00867462158203125,0.029022216796875,0.005672454833984375,-0.01349639892578125,0.003971099853515625,-0.0017499923706054688,-0.0160980224609375,-0.0093841552734375,-0.00952911376953125,0.036041259765625,-0.041168212890625,-0.0085906982421875,0.004680633544921875,-0.01244354248046875,-0.043243408203125,-0.01071929931640625,-0.004901885986328125,-0.0048675537109375,-0.00606536865234375,0.00533294677734375,-0.0155029296875,-0.0394287109375,0.007091522216796875,0.038787841796875,-0.0026111602783203125,-0.00278472900390625,-0.00646209716796875,0.0096588134765625,-0.0203857421875,0.017425537109375,-0.01313018798828125,-0.0033283233642578125,-0.03570556640625,-0.01036834716796875,-0.0256195068359375,-0.00739288330078125,-0.030364990234375,-0.0011739730834960938,-0.01181793212890625,0.0031280517578125,0.023406982421875,-0.00640869140625,0.04107666015625,0.0269775390625,-0.0037250518798828125,-0.01043701171875,0.0325927734375,0.050201416015625,-0.007495880126953125,0.01146697998046875,-0.0096282958984375,-0.00875091552734375,-0.004627227783203125,0.00452423095703125,0.038116455078125,-0.0214996337890625,0.050079345703125,0.0107269287109375,-0.018402099609375,0.027496337890625,0.03863525390625,-0.0269775390625,0.034576416015625,0.018280029296875,0.0004906654357910156,-0.025146484375,0.00836181640625,0.013641357421875,0.0118865966796875,-0.0249786376953125,-0.054107666015625,-0.0168304443359375,0.01255035400390625,0.00020110607147216797,-0.017059326171875,-0.0039825439453125,0.033966064453125,0.06353759765625,0.0164031982421875,0.026702880859375,0.06634521484375,-0.01000213623046875,0.001911163330078125,-0.0036678314208984375,0.03594970703125,0.00411224365234375,-0.031463623046875,-0.0011577606201171875,-0.0017871856689453125,-0.016632080078125,-0.021484375,-0.02166748046875,-0.005886077880859375,0.0060882568359375,-0.04144287109375,0.0244140625,-0.00612640380859375,0.002475738525390625,-0.01461029052734375,0.01174163818359375,0.02398681640625,-0.0294952392578125,0.0162506103515625,-0.0269927978515625,0.007411956787109375,0.006824493408203125,-0.0245361328125,-0.008392333984375,0.007904052734375,0.00002777576446533203,-0.0521240234375,0.0121612548828125,-0.00040531158447265625,0.016021728515625,-0.027069091796875,0.0478515625,0.0076141357421875,-0.034454345703125,-0.01111602783203125,0.00940704345703125,-0.0025730133056640625,-0.0120391845703125,0.004718780517578125,0.00885772705078125,-0.0014400482177734375,0.024444580078125,0.01471710205078125,0.01751708984375,-0.0062713623046875,-0.0089263916015625,0.0037136077880859375,-0.01215362548828125,-0.0071868896484375,0.019439697265625,0.00421142578125,0.01068878173828125,0.0029087066650390625,-0.005825042724609375,0.00691986083984375,-0.0080108642578125,-0.0196380615234375,0.01023101806640625,0.012420654296875,0.0310821533203125,-0.01110076904296875,0.024139404296875,-0.005519866943359375,-0.037750244140625,-0.0033321380615234375,0.00177001953125,-0.0265655517578125,-0.0263824462890625,0.0340576171875,-0.00870513916015625,0.01076507568359375,0.045379638671875,0.053802490234375,-0.00046324729919433594,0.038116455078125,0.01277923583984375,0.016632080078125,-0.013519287109375,0.002628326416015625,-0.014190673828125,0.005451202392578125,0.05291748046875,-0.01264190673828125,0.008209228515625,-0.002349853515625,-0.0171356201171875,-0.007785797119140625,-0.0096588134765625,-0.01898193359375,0.0012044906616210938,0.030548095703125,-0.01097869873046875,0.004886627197265625,0.001049041748046875,0.01812744140625,-0.0204925537109375,0.026641845703125,0.00536346435546875,0.0295562744140625,0.0159454345703125,0.01275634765625,0.0147247314453125,0.015472412109375,0.0278167724609375,0.0479736328125,-0.0107421875,0.00788116455078125,-0.0024776458740234375,-0.0203704833984375,0.004199981689453125,-0.0001417398452758789,0.010467529296875,-0.030242919921875,0.0025691986083984375,0.0067596435546875,-0.003360748291015625,0.039794921875,0.00891876220703125,0.004154205322265625,-0.032318115234375,-0.050506591796875,-0.019500732421875,-0.02154541015625,0.0287322998046875,-0.005489349365234375,0.01146697998046875,-0.0162506103515625,0.03253173828125,-0.0040740966796875,-0.025421142578125,-0.0023555755615234375,0.020660400390625,-0.0291748046875,-0.034637451171875,0.0540771484375,-0.018341064453125,0.0017547607421875,-0.0323486328125,-0.031951904296875,0.0231781005859375,0.0096435546875,-0.005107879638671875,-0.006435394287109375,-0.00902557373046875,0.0282135009765625,0.00945281982421875,0.017578125,0.040130615234375,0.0171051025390625,0.004711151123046875,-0.0157623291015625,-0.034454345703125,-0.0200958251953125,-0.0184173583984375,0.0267181396484375,-0.0083770751953125,0.040374755859375,-0.0047760009765625,-0.01387786865234375,0.0048675537109375,-0.00482177734375,0.00490570068359375,0.034210205078125,0.026153564453125,-0.00936126708984375,0.037689208984375,0.02099609375,0.0015344619750976562,-0.0169677734375,0.0034637451171875,-0.0028896331787109375,-0.031890869140625,0.027374267578125,-0.05511474609375,-0.034698486328125,-0.0299835205078125,-0.0006475448608398438,0.01446533203125,-0.0034275054931640625,0.005413055419921875,-0.0225677490234375,-0.04095458984375,-0.01499176025390625,-0.0352783203125,0.042388916015625,0.0113067626953125,-0.0020008087158203125,0.01277923583984375,0.0093994140625,-0.0401611328125,-0.023468017578125,0.037384033203125,-0.0655517578125,-0.01446533203125,0.0113677978515625,0.0266876220703125,0.0214385986328125,0.003173828125,-0.029205322265625,0.01396942138671875,0.0036144256591796875,0.0106201171875,0.0280914306640625,0.03009033203125,0.0043182373046875,0.0200958251953125,-0.0211944580078125,-0.009765625,0.00337982177734375,-0.00878143310546875,-0.017364501953125,-0.013946533203125,0.01293182373046875,-0.032135009765625,0.005886077880859375,0.0007429122924804688,0.0174560546875,0.00608062744140625,-0.0201263427734375,0.037261962890625,-0.0219573974609375,-0.00301361083984375,0.004241943359375,-0.0006051063537597656,0.0216522216796875,0.006328582763671875,0.0159454345703125,0.02264404296875,0.0093841552734375,0.0007028579711914062,0.00423431396484375,0.0008358955383300781,0.0160064697265625,0.0096588134765625,0.0283050537109375,-0.0081329345703125,-0.032958984375,0.038055419921875,-0.0008692741394042969,0.0195465087890625,0.0037689208984375,0.003070831298828125,0.037750244140625,0.0012559890747070312,-0.0031070709228515625,0.01446533203125,0.01421356201171875,-0.0006055831909179688,0.028656005859375,-0.01209259033203125,-0.04290771484375,0.040130615234375,-0.001194000244140625,-0.00382232666015625,0.029388427734375,-0.01873779296875,-0.0160675048828125,-0.018280029296875,-0.0158843994140625,0.00637054443359375,-0.031585693359375,0.0052947998046875,0.016937255859375,-0.005420684814453125,-0.022735595703125,-0.032684326171875,0.02716064453125,0.028717041015625,0.00589752197265625,-0.004734039306640625,-0.0027008056640625,0.0021572113037109375,0.0213775634765625,-0.04205322265625,0.0171051025390625,-0.00121307373046875,0.0027008056640625,-0.0022563934326171875,0.00919342041015625,0.0421142578125,-0.0206298828125,0.01000213623046875,-0.0181427001953125,0.00383758544921875,0.005184173583984375,0.03900146484375,0.012603759765625,-0.015289306640625,-0.007305145263671875,0.023468017578125,-0.031463623046875,-0.0134124755859375,0.01690673828125,-0.0283203125,-0.0261077880859375,-0.02197265625,-0.03558349609375,0.01442718505859375,-0.0199737548828125,0.005786895751953125,0.008941650390625,0.017242431640625,0.006195068359375,-0.0303955078125,-0.00044345855712890625,0.005428314208984375,0.0033626556396484375,0.018707275390625,0.01105499267578125,-0.048492431640625,-0.00952911376953125,0.03948974609375,-0.033477783203125,0.004474639892578125,-0.043487548828125,-0.00876617431640625,0.0269012451171875,0.013580322265625,-0.0244140625,-0.005123138427734375,0.01531982421875,-0.0236663818359375,0.00432586669921875,-0.0252838134765625,0.005084991455078125,-0.032958984375,-0.0059814453125,-0.0005974769592285156,-0.0089569091796875,0.0113525390625,-0.034149169921875,0.0160369873046875,-0.00743865966796875,0.005283355712890625,0.016937255859375,0.02783203125,0.010650634765625,-0.0026493072509765625,-0.021148681640625,-0.006046295166015625,-0.0133209228515625,-0.005096435546875,0.000027477741241455078,0.038665771484375,0.00283050537109375,-0.0030307769775390625,-0.034515380859375,-0.0011606216430664062,0.0099029541015625,0.007274627685546875,-0.0014104843139648438,-0.00833892822265625,0.032470703125,0.019775390625,0.0158843994140625,0.01824951171875,-0.0294952392578125,0.02008056640625,-0.01107025146484375,-0.0175018310546875,0.0029048919677734375,0.01416778564453125,-0.0033092498779296875,0.006481170654296875,0.0203094482421875,0.01334381103515625,-0.01209259033203125,-0.0225677490234375,0.008819580078125,-0.0044403076171875,-0.00930023193359375,0.0247650146484375,0.05462646484375,0.020538330078125,0.0021839141845703125,-0.01497650146484375,-0.01491546630859375,0.0015420913696289062,-0.00981903076171875,-0.00220489501953125,0.0036640167236328125,0.0015869140625,-0.01335906982421875,-0.03021240234375,0.02191162109375,0.0095672607421875,0.0245361328125,0.0033016204833984375,-0.0059661865234375,-0.03656005859375,0.00009512901306152344,-0.0248565673828125,0.00885772705078125,-0.0129852294921875,0.0279693603515625,-0.01497650146484375,-0.0132598876953125,0.005901336669921875,0.002986907958984375,0.007106781005859375,0.0166778564453125,-0.0433349609375,0.0311126708984375,0.01529693603515625,0.02862548828125,0.0057220458984375,0.016143798828125,-0.0112152099609375,0.0222320556640625,-0.0281829833984375,-0.005496978759765625,-0.0202484130859375,-0.0175018310546875,-0.01080322265625,-0.0261993408203125,0.0104522705078125,0.030242919921875,0.001407623291015625,0.0203704833984375,0.04541015625,-0.0301055908203125,0.01050567626953125,0.0260467529296875,-0.021209716796875,-0.006938934326171875,0.0020809173583984375,0.0105743408203125,-0.00287628173828125,0.049713134765625,-0.0046234130859375,-0.041107177734375,-0.01410675048828125,-0.0015268325805664062,-0.00839996337890625,-0.0097503662109375,-0.0306549072265625,-0.01490020751953125,0.0020008087158203125,-0.005939483642578125,0.0150299072265625,-0.0316162109375,-0.01544189453125,0.025634765625,0.00286865234375,0.053070068359375,0.021728515625,-0.015960693359375,0.03106689453125,-0.023406982421875,0.0025844573974609375,-0.035736083984375,0.002178192138671875,0.02410888671875,0.025482177734375,0.00803375244140625,0.014434814453125,-0.0077667236328125,-0.01560211181640625,0.0830078125,-0.005535125732421875,-0.00437164306640625,0.0031452178955078125,0.0435791015625,-0.0161895751953125,-0.00992584228515625,-0.0122833251953125,0.0006122589111328125,0.00466156005859375,0.0262603759765625,-0.046356201171875,-0.01511383056640625,0.01751708984375,-0.0265960693359375,0.01470184326171875,0.005344390869140625,0.01055908203125,0.005413055419921875,-0.044891357421875,0.0019388198852539062,0.0134429931640625,-0.01085662841796875,-0.01690673828125,0.005344390869140625,0.023284912109375,0.00783538818359375,-0.0070648193359375,-0.047576904296875,0.01220703125,0.058319091796875,0.00391387939453125,-0.0281982421875,0.01158905029296875,0.03302001953125,-0.006320953369140625,0.0104827880859375,0.0189971923828125,-0.0005884170532226562,-0.0263214111328125,0.03594970703125,0.033203125,0.0282745361328125,0.034027099609375,-0.030487060546875,-0.004970550537109375,-0.015960693359375,-0.00243377685546875,-0.0222625732421875,-0.01090240478515625,0.039215087890625,0.01513671875,0.005428314208984375,0.003910064697265625,0.0190277099609375,0.0012063980102539062,0.0389404296875,0.030181884765625,-0.044036865234375,0.0118865966796875,-0.01308441162109375,-0.0137176513671875,0.01165008544921875,-0.00899505615234375,-0.002227783203125],11111111-1111-1111-1111-111111111101,[0.018890380859375,0.0158233642578125,-0.045867919921875,-0.005435943603515625,-0.04693603515625,-0.022216796875,0.012298583984375,0.029632568359375,0.003002166748046875,-0.01983642578125,0.00914764404296875,-0.040802001953125,-0.0011377334594726562,0.0302734375,-0.0281524658203125,-0.0062713623046875,-0.016632080078125,-0.013824462890625,-0.030059814453125,-0.01424407958984375,-0.027435302734375,-0.0005946159362792969,0.043487548828125,0.0026416778564453125,0.038848876953125,-0.011962890625,-0.0165252685546875,-0.01080322265625,0.04156494140625,0.01214599609375,0.025543212890625,-0.022705078125,0.0614013671875,-0.01221466064453125,0.016998291015625,0.00881195068359375,0.037506103515625,0.012969970703125,0.0279541015625,0.004436492919921875,-0.049835205078125,-0.038116455078125,-0.00437164306640625,-0.006927490234375,0.0257415771484375,0.065185546875,-0.0262603759765625,-0.0179443359375,-0.01157379150390625,0.026275634765625,-0.0159149169921875,-0.039031982421875,0.0062103271484375,-0.037353515625,0.0257415771484375,0.00952911376953125,0.051727294921875,0.0149688720703125,0.062225341796875,0.022491455078125,0.045501708984375,-0.0718994140625,0.01508331298828125,-0.0259246826171875,-0.04718017578125,-0.0249481201171875,0.022796630859375,0.0240020751953125,-0.0284881591796875,-0.022369384765625,-0.01800537109375,-0.0278167724609375,-0.0264129638671875,0.019561767578125,-0.043609619140625,-0.01194000244140625,0.01555633544921875,0.0190277099609375,0.05169677734375,-0.00012373924255371094,-0.040252685546875,0.03009033203125,-0.0225067138671875,-0.01340484619140625,0.0011196136474609375,0.004177093505859375,0.0024127960205078125,-0.0090484619140625,-0.01056671142578125,0.0014486312866210938,-0.05780029296875,0.009490966796875,0.02264404296875,0.04248046875,-0.041259765625,0.04144287109375,0.0103759765625,-0.0173187255859375,-0.045654296875,0.046417236328125,0.07550048828125,0.0114898681640625,0.023223876953125,-0.0171051025390625,-0.0194091796875,-0.077392578125,-0.09344482421875,-0.01263427734375,-0.02740478515625,0.0187530517578125,0.0430908203125,-0.05804443359375,-0.11083984375,0.014190673828125,-0.0211181640625,-0.0009489059448242188,-0.034271240234375,0.01169586181640625,0.005023956298828125,0.030426025390625,-0.041046142578125,0.00487518310546875,0.024261474609375,-0.04144287109375,-0.0191192626953125,0.033294677734375,-0.006595611572265625,0.037353515625,-0.055877685546875,-0.041168212890625,0.002254486083984375,-0.0202789306640625,0.048583984375,0.007137298583984375,0.035125732421875,-0.00605010986328125,-0.023895263671875,0.015838623046875,-0.008331298828125,-0.031829833984375,0.00031876564025878906,-0.014251708984375,0.0027904510498046875,-0.00688934326171875,-0.060028076171875,0.03631591796875,-0.01265716552734375,0.0236968994140625,-0.0263214111328125,0.026947021484375,-0.01107025146484375,0.0095367431640625,-0.030609130859375,-0.01496124267578125,-0.0036220550537109375,0.049652099609375,0.002777099609375,0.022735595703125,-0.0302734375,0.02392578125,0.0221099853515625,0.01103973388671875,-0.0184783935546875,-0.016021728515625,-0.016448974609375,-0.057342529296875,0.0152435302734375,0.024200439453125,-0.03680419921875,-0.01555633544921875,0.0311126708984375,0.0062103271484375,0.00850677490234375,-0.0433349609375,0.0077362060546875,0.028717041015625,0.027008056640625,-0.06622314453125,0.044097900390625,0.00992584228515625,0.044097900390625,0.01654052734375,-0.040618896484375,-0.0097503662109375,-0.01395416259765625,-0.0408935546875,-0.034149169921875,0.011199951171875,-0.007537841796875,-0.0460205078125,0.01163482666015625,-0.029632568359375,0.005092620849609375,-0.0049285888671875,-0.0175628662109375,-0.043792724609375,-0.0130157470703125,-0.039947509765625,0.01078033447265625,-0.0155029296875,0.040313720703125,-0.062103271484375,0.00307464599609375,0.00974273681640625,-0.0175018310546875,0.01123046875,-0.029693603515625,0.026763916015625,-0.0010557174682617188,-0.00836944580078125,0.0177154541015625,-0.0088043212890625,-0.02911376953125,0.035491943359375,0.027191162109375,0.035888671875,0.016387939453125,0.01235198974609375,-0.031890869140625,0.0164031982421875,-0.01457977294921875,0.006626129150390625,0.0008435249328613281,0.046661376953125,-0.052825927734375,0.059173583984375,-0.03619384765625,-0.007526397705078125,0.0036830902099609375,-0.00357818603515625,0.002910614013671875,-0.01190948486328125,-0.01143646240234375,-0.005855560302734375,0.0243072509765625,0.00215911865234375,-0.0017423629760742188,-0.0267486572265625,0.0033245086669921875,-0.0250244140625,-0.0049896240234375,-0.006725311279296875,-0.0216217041015625,0.0322265625,0.0214996337890625,-0.0129547119140625,0.0168914794921875,0.01397705078125,0.02447509765625,0.0279388427734375,0.03173828125,0.01316070556640625,-0.006439208984375,-0.035003662109375,-0.018890380859375,0.015380859375,-0.0355224609375,0.0299224853515625,-0.011260986328125,-0.024566650390625,0.0219268798828125,-0.0040435791015625,-0.037261962890625,-0.021484375,0.0111846923828125,0.04669189453125,0.070068359375,0.027313232421875,0.00649261474609375,-0.0241851806640625,0.0574951171875,-0.0178070068359375,-0.042388916015625,0.0372314453125,-0.022857666015625,0.00400543212890625,-0.051849365234375,0.044189453125,0.004055023193359375,0.0152130126953125,-0.0253143310546875,-0.05108642578125,-0.0325927734375,-0.0814208984375,-0.0294036865234375,-0.01119232177734375,0.040374755859375,0.032196044921875,0.0029354095458984375,0.0077362060546875,0.0234222412109375,-0.0237274169921875,0.0004734992980957031,0.017822265625,0.004390716552734375,-0.001537322998046875,0.00604248046875,-0.003314971923828125,-0.04486083984375,-0.010955810546875,0.0006422996520996094,-0.0174560546875,-0.03399658203125,0.0234222412109375,-0.0030059814453125,0.034271240234375,-0.00637054443359375,-0.033203125,-0.007305145263671875,-0.060546875,-0.00811767578125,0.0264129638671875,-0.048095703125,-0.04541015625,0.0232391357421875,-0.050750732421875,0.029632568359375,0.0226287841796875,0.023223876953125,0.00751495361328125,-0.0218048095703125,-0.055206298828125,-0.0491943359375,0.0008721351623535156,-0.018798828125,0.0158538818359375,0.0020999908447265625,-0.0218505859375,0.03955078125,0.020965576171875,-0.00534820556640625,-0.036590576171875,0.0268096923828125,-0.0247802734375,0.02459716796875,0.0419921875,-0.0016269683837890625,0.005863189697265625,0.01233673095703125,-0.0236663818359375,0.040924072265625,-0.029510498046875,0.003631591796875,-0.01137542724609375,0.02484130859375,-0.07037353515625,0.0104827880859375,-0.05938720703125,0.02447509765625,-0.0032634735107421875,0.01006317138671875,-0.0183868408203125,-0.0035552978515625,-0.011016845703125,0.0300140380859375,-0.0203857421875,0.06756591796875,0.0272216796875,-0.04095458984375,-0.035888671875,-0.0299835205078125,-0.006317138671875,0.00640106201171875,-0.0479736328125,-0.043487548828125,-0.02142333984375,0.00452423095703125,-0.003177642822265625,-0.01251220703125,-0.005046844482421875,0.0302734375,0.04132080078125,-0.00927734375,-0.0128326416015625,-0.025909423828125,-0.046173095703125,-0.0217742919921875,0.016204833984375,0.017120361328125,-0.00311279296875,-0.0115203857421875,-0.0160369873046875,-0.0215606689453125,-0.004344940185546875,0.0189666748046875,0.0014925003051757812,-0.01519775390625,0.0244140625,0.01922607421875,-0.0731201171875,-0.03594970703125,-0.0036602020263671875,0.0230865478515625,0.0291748046875,-0.00653076171875,0.045135498046875,0.047576904296875,0.04229736328125,-0.0007309913635253906,-0.01776123046875,-0.0034770965576171875,-0.00341033935546875,-0.03875732421875,0.07818603515625,-0.0197601318359375,0.0251312255859375,0.005069732666015625,0.0205535888671875,0.0215911865234375,0.035888671875,0.043212890625,-0.03826904296875,0.01654052734375,-0.021209716796875,-0.0100250244140625,-0.00983428955078125,0.00896453857421875,-0.00958251953125,0.01538848876953125,-0.0182342529296875,0.007381439208984375,-0.046600341796875,-0.0333251953125,0.0007853507995605469,-0.0204925537109375,-0.0213165283203125,-0.0240631103515625,-0.0240631103515625,0.0241851806640625,-0.0300140380859375,-0.005428314208984375,0.00616455078125,0.0121002197265625,-0.00713348388671875,0.00135040283203125,-0.03289794921875,-0.04852294921875,-0.0159759521484375,0.0177001953125,0.002910614013671875,-0.0237579345703125,0.001708984375,-0.0071258544921875,0.045135498046875,-0.009246826171875,0.007511138916015625,-0.033203125,0.041168212890625,0.01305389404296875,-0.0120391845703125,-0.014495849609375,0.003021240234375,-0.04840087890625,0.0006999969482421875,0.0251312255859375,0.005702972412109375,0.0312347412109375,-0.0704345703125,0.01361846923828125,-0.005706787109375,0.0029468536376953125,0.002857208251953125,-0.04827880859375,0.0107421875,-0.04095458984375,-0.02880859375,0.022216796875,0.03900146484375,-0.0023059844970703125,-0.0303497314453125,-0.0168914794921875,0.01302337646484375,0.062347412109375,-0.0179443359375,0.0177001953125,0.0440673828125,0.0237274169921875,-0.043121337890625,-0.037567138671875,-0.0009713172912597656,-0.005947113037109375,-0.00484466552734375,0.0244903564453125,0.006282806396484375,-0.018218994140625,0.14794921875,0.0233917236328125,0.03173828125,-0.06402587890625,-0.055694580078125,0.0276031494140625,-0.0501708984375,0.043212890625,-0.00606536865234375,0.03387451171875,0.040374755859375,-0.01021575927734375,-0.00262451171875,-0.025421142578125,0.016357421875,0.0169830322265625,-0.047393798828125,0.038604736328125,-0.03033447265625,0.0152130126953125,-0.003021240234375,0.006702423095703125,0.01161956787109375,0.01436614990234375,0.0447998046875,0.0014333724975585938,0.018951416015625,0.01093292236328125,-0.0029659271240234375,-0.01230621337890625,-0.0035152435302734375,-0.006725311279296875,0.036895751953125,-0.018035888671875,-0.0032558441162109375,0.01678466796875,0.00424957275390625,0.0222320556640625,0.009490966796875,0.00843048095703125,0.00385284423828125,-0.010406494140625,-0.056304931640625,-0.006244659423828125,-0.0168914794921875,0.0256195068359375,0.0330810546875,0.0008234977722167969,0.0133819580078125,-0.0095977783203125,-0.050384521484375,0.0137481689453125,-0.0175933837890625,-0.0111846923828125,0.0172119140625,0.0290985107421875,-0.021728515625,-0.00649261474609375,-0.01227569580078125,-0.040740966796875,0.03302001953125,0.0182647705078125,0.0038547515869140625,0.02838134765625,0.022857666015625,0.0400390625,0.016632080078125,0.0189056396484375,0.007259368896484375,0.008941650390625,-0.0138397216796875,-0.0264434814453125,-0.0178985595703125,-0.0299835205078125,-0.033172607421875,-0.006439208984375,0.020050048828125,-0.0227508544921875,-0.00859832763671875,-0.0006198883056640625,0.0180816650390625,-0.0177764892578125,-0.00833892822265625,-0.053497314453125,-0.033966064453125,-0.079833984375,0.039031982421875,-0.00894927978515625,0.0576171875,0.0232086181640625,-0.0257568359375,0.069091796875,-0.01221466064453125,0.020050048828125,-0.026580810546875,0.00809478759765625,-0.02294921875,-0.01390838623046875,-0.0170745849609375,-0.0516357421875,-0.016357421875,-0.0105438232421875,-0.0248260498046875,-0.005527496337890625,0.0088958740234375,0.0280303955078125,-0.003810882568359375,0.006866455078125,0.00244140625,0.01480865478515625,0.0015611648559570312,-0.0016527175903320312,0.03594970703125,0.0023059844970703125,-0.0186004638671875,-0.004726409912109375,0.01922607421875,0.0162200927734375,0.03271484375,-0.039886474609375,-0.03955078125,0.00922393798828125,-0.0021038055419921875,-0.0137176513671875,-0.0308990478515625,0.016265869140625,0.054443359375,0.0012712478637695312,0.035003662109375,-0.048248291015625,0.01082611083984375,0.0037212371826171875,0.0106658935546875,0.005786895751953125,0.0235137939453125,-0.01242828369140625,0.0352783203125,0.00949859619140625,-0.024261474609375,-0.0096282958984375,0.0005121231079101562,-0.00722503662109375,-0.03533935546875,0.006793975830078125,-0.01511383056640625,-0.0130462646484375,-0.0023899078369140625,0.0005354881286621094,0.02587890625,0.040618896484375,-0.012542724609375,0.007061004638671875,-0.0217742919921875,-0.049407958984375,0.0010137557983398438,-0.004894256591796875,0.02545166015625,0.01134490966796875,-0.059356689453125,0.0092010498046875,0.00258636474609375,0.01953125,0.024444580078125,-0.0027561187744140625,-0.0026493072509765625,0.0499267578125,-0.003360748291015625,0.00572967529296875,-0.0094757080078125,0.005031585693359375,0.03265380859375,-0.0328369140625,0.02276611328125,-0.00922393798828125,-0.0221405029296875,0.0082244873046875,-0.02764892578125,0.00611114501953125,0.01033782958984375,0.01617431640625,0.0361328125,0.0244140625,-0.00909423828125,0.0156707763671875,0.026092529296875,0.052886962890625,0.0226898193359375,-0.015960693359375,0.0009012222290039062,-0.016693115234375,-0.026519775390625,0.0072784423828125,-0.0237884521484375,-0.038848876953125,0.034332275390625,-0.0126953125,0.0457763671875,-0.0198974609375,-0.046356201171875,-0.0175933837890625,-0.00112152099609375,0.01560211181640625,0.0426025390625,0.004535675048828125,-0.0038890838623046875,-0.016326904296875,-0.005764007568359375,-0.003215789794921875,-0.037841796875,-0.00157928466796875,-0.036041259765625,0.045623779296875,0.006778717041015625,0.0101165771484375,0.07818603515625,0.00958251953125,0.01158905029296875,0.019622802734375,0.028839111328125,-0.01446533203125,-0.01849365234375,-0.0136566162109375,-0.03912353515625,-0.0216064453125,-0.005252838134765625,0.0192413330078125,0.0184783935546875,-0.019744873046875,-0.00672149658203125,0.0232086181640625,0.0252838134765625,0.0187225341796875,0.023773193359375,-0.00226593017578125,0.00044989585876464844,0.0099945068359375,-0.017730712890625,-0.044769287109375,0.0196990966796875,0.00452423095703125,0.00852203369140625,0.007740020751953125,0.012451171875,-0.0097198486328125,-0.032867431640625,-0.020904541015625,-0.025604248046875,-0.00649261474609375,-0.001399993896484375,0.0225830078125,0.00408172607421875,-0.0166168212890625,-0.0277557373046875,0.0172119140625,-0.038665771484375,0.006275177001953125,0.0308380126953125,0.0014095306396484375,0.01519775390625,0.0015649795532226562,0.025146484375,0.004711151123046875,0.030426025390625,-0.0249786376953125,0.01546478271484375,-0.00583648681640625,0.003932952880859375,-0.06500244140625,-0.0234527587890625,0.0265045166015625,-0.03607177734375,0.013641357421875,-0.00653839111328125,0.0257568359375,-0.0022106170654296875,0.036468505859375,0.00592803955078125,0.0157318115234375,0.0085601806640625,0.0148773193359375,0.0019817352294921875,0.0011310577392578125,-0.0035400390625,-0.0299530029296875,-0.0010786056518554688,0.04278564453125,-0.06536865234375,-0.0277862548828125,0.0129547119140625,0.0219573974609375,0.0169219970703125,-0.037689208984375,-0.0091705322265625,0.002597808837890625,-0.00024962425231933594,0.029388427734375,0.0215301513671875,-0.01232147216796875,0.0161895751953125,-0.00934600830078125,0.0105133056640625,-0.0335693359375,-0.0230560302734375,-0.00562286376953125,0.00417327880859375,-0.0009016990661621094,0.00926971435546875,-0.005107879638671875,-0.0418701171875,-0.00728607177734375,0.0394287109375,-0.00440216064453125,-0.026458740234375,0.051605224609375,0.0264129638671875,0.0083770751953125,-0.007411956787109375,-0.039947509765625,0.0001533031463623047,-0.01174163818359375,0.01464080810546875,-0.050506591796875,0.0194549560546875,-0.019683837890625,-0.0184173583984375,-0.0222015380859375,0.01385498046875,0.033843994140625,0.0164794921875,-0.0076904296875,0.045654296875,-0.00661468505859375,0.0246429443359375,0.0197296142578125,0.01678466796875,-0.0195159912109375,0.01174163818359375,0.023834228515625,-0.00963592529296875,-0.00921630859375,0.01154327392578125,-0.01009368896484375,0.00537109375,0.0106048583984375,0.006805419921875,-0.0340576171875,0.0312347412109375,-0.00315093994140625,0.006290435791015625,-0.020721435546875,-0.0023517608642578125,-0.0277557373046875,0.02813720703125,0.01076507568359375,0.036956787109375,0.0149383544921875,-0.00748443603515625,-0.026947021484375,-0.01308441162109375,0.00926971435546875,0.01546478271484375,-0.0098724365234375,0.0171966552734375,-0.002788543701171875,-0.01409149169921875,-0.047332763671875,-0.0065155029296875,-0.022491455078125,-0.0089111328125,-0.02099609375,-0.0227508544921875,0.007244110107421875,0.019287109375,0.040924072265625,-0.02227783203125,-0.017730712890625,0.049530029296875,-0.040618896484375,0.00855255126953125,-0.0120391845703125,-0.023345947265625,0.00994873046875,-0.003704071044921875,0.051025390625,-0.0012454986572265625,-0.0035495758056640625,-0.0160369873046875,-0.019500732421875,-0.036285400390625,-0.00865936279296875,0.0252532958984375,-0.00782012939453125,0.043487548828125,0.005214691162109375,0.012908935546875,0.034942626953125,-0.01317596435546875,0.03887939453125,0.0019083023071289062,0.0205841064453125,0.00853729248046875,-0.03973388671875,0.042266845703125,0.029937744140625,-0.0021038055419921875,-0.0361328125,-0.033843994140625,-0.035064697265625,-0.004085540771484375,-0.01555633544921875,-0.0265350341796875,-0.0045166015625,-0.008453369140625,0.036956787109375,-0.0177154541015625,-0.05615234375,0.0143890380859375,0.00323486328125,0.03363037109375,-0.0200653076171875,0.0257415771484375,0.0284423828125,0.0228118896484375,-0.001766204833984375,0.03350830078125,0.0116119384765625,0.005809783935546875,-0.012420654296875,-0.029449462890625,-0.04876708984375,0.029449462890625,0.001232147216796875,0.007537841796875,0.031951904296875,-0.01247406005859375,0.006011962890625,-0.0447998046875,0.0276641845703125,0.02410888671875,0.004390716552734375,0.00606536865234375,-0.0025119781494140625,0.0321044921875,0.0067901611328125,-0.00867462158203125,0.029022216796875,0.005672454833984375,-0.01349639892578125,0.003971099853515625,-0.0017499923706054688,-0.0160980224609375,-0.0093841552734375,-0.00952911376953125,0.036041259765625,-0.041168212890625,-0.0085906982421875,0.004680633544921875,-0.01244354248046875,-0.043243408203125,-0.01071929931640625,-0.004901885986328125,-0.0048675537109375,-0.00606536865234375,0.00533294677734375,-0.0155029296875,-0.0394287109375,0.007091522216796875,0.038787841796875,-0.0026111602783203125,-0.00278472900390625,-0.00646209716796875,0.0096588134765625,-0.0203857421875,0.017425537109375,-0.01313018798828125,-0.0033283233642578125,-0.03570556640625,-0.01036834716796875,-0.0256195068359375,-0.00739288330078125,-0.030364990234375,-0.0011739730834960938,-0.01181793212890625,0.0031280517578125,0.023406982421875,-0.00640869140625,0.04107666015625,0.0269775390625,-0.0037250518798828125,-0.01043701171875,0.0325927734375,0.050201416015625,-0.007495880126953125,0.01146697998046875,-0.0096282958984375,-0.00875091552734375,-0.004627227783203125,0.00452423095703125,0.038116455078125,-0.0214996337890625,0.050079345703125,0.0107269287109375,-0.018402099609375,0.027496337890625,0.03863525390625,-0.0269775390625,0.034576416015625,0.018280029296875,0.0004906654357910156,-0.025146484375,0.00836181640625,0.013641357421875,0.0118865966796875,-0.0249786376953125,-0.054107666015625,-0.0168304443359375,0.01255035400390625,0.00020110607147216797,-0.017059326171875,-0.0039825439453125,0.033966064453125,0.06353759765625,0.0164031982421875,0.026702880859375,0.06634521484375,-0.01000213623046875,0.001911163330078125,-0.0036678314208984375,0.03594970703125,0.00411224365234375,-0.031463623046875,-0.0011577606201171875,-0.0017871856689453125,-0.016632080078125,-0.021484375,-0.02166748046875,-0.005886077880859375,0.0060882568359375,-0.04144287109375,0.0244140625,-0.00612640380859375,0.002475738525390625,-0.01461029052734375,0.01174163818359375,0.02398681640625,-0.0294952392578125,0.0162506103515625,-0.0269927978515625,0.007411956787109375,0.006824493408203125,-0.0245361328125,-0.008392333984375,0.007904052734375,0.00002777576446533203,-0.0521240234375,0.0121612548828125,-0.00040531158447265625,0.016021728515625,-0.027069091796875,0.0478515625,0.0076141357421875,-0.034454345703125,-0.01111602783203125,0.00940704345703125,-0.0025730133056640625,-0.0120391845703125,0.004718780517578125,0.00885772705078125,-0.0014400482177734375,0.024444580078125,0.01471710205078125,0.01751708984375,-0.0062713623046875,-0.0089263916015625,0.0037136077880859375,-0.01215362548828125,-0.0071868896484375,0.019439697265625,0.00421142578125,0.01068878173828125,0.0029087066650390625,-0.005825042724609375,0.00691986083984375,-0.0080108642578125,-0.0196380615234375,0.01023101806640625,0.012420654296875,0.0310821533203125,-0.01110076904296875,0.024139404296875,-0.005519866943359375,-0.037750244140625,-0.0033321380615234375,0.00177001953125,-0.0265655517578125,-0.0263824462890625,0.0340576171875,-0.00870513916015625,0.01076507568359375,0.045379638671875,0.053802490234375,-0.00046324729919433594,0.038116455078125,0.01277923583984375,0.016632080078125,-0.013519287109375,0.002628326416015625,-0.014190673828125,0.005451202392578125,0.05291748046875,-0.01264190673828125,0.008209228515625,-0.002349853515625,-0.0171356201171875,-0.007785797119140625,-0.0096588134765625,-0.01898193359375,0.0012044906616210938,0.030548095703125,-0.01097869873046875,0.004886627197265625,0.001049041748046875,0.01812744140625,-0.0204925537109375,0.026641845703125,0.00536346435546875,0.0295562744140625,0.0159454345703125,0.01275634765625,0.0147247314453125,0.015472412109375,0.0278167724609375,0.0479736328125,-0.0107421875,0.00788116455078125,-0.0024776458740234375,-0.0203704833984375,0.004199981689453125,-0.0001417398452758789,0.010467529296875,-0.030242919921875,0.0025691986083984375,0.0067596435546875,-0.003360748291015625,0.039794921875,0.00891876220703125,0.004154205322265625,-0.032318115234375,-0.050506591796875,-0.019500732421875,-0.02154541015625,0.0287322998046875,-0.005489349365234375,0.01146697998046875,-0.0162506103515625,0.03253173828125,-0.0040740966796875,-0.025421142578125,-0.0023555755615234375,0.020660400390625,-0.0291748046875,-0.034637451171875,0.0540771484375,-0.018341064453125,0.0017547607421875,-0.0323486328125,-0.031951904296875,0.0231781005859375,0.0096435546875,-0.005107879638671875,-0.006435394287109375,-0.00902557373046875,0.0282135009765625,0.00945281982421875,0.017578125,0.040130615234375,0.0171051025390625,0.004711151123046875,-0.0157623291015625,-0.034454345703125,-0.0200958251953125,-0.0184173583984375,0.0267181396484375,-0.0083770751953125,0.040374755859375,-0.0047760009765625,-0.01387786865234375,0.0048675537109375,-0.00482177734375,0.00490570068359375,0.034210205078125,0.026153564453125,-0.00936126708984375,0.037689208984375,0.02099609375,0.0015344619750976562,-0.0169677734375,0.0034637451171875,-0.0028896331787109375,-0.031890869140625,0.027374267578125,-0.05511474609375,-0.034698486328125,-0.0299835205078125,-0.0006475448608398438,0.01446533203125,-0.0034275054931640625,0.005413055419921875,-0.0225677490234375,-0.04095458984375,-0.01499176025390625,-0.0352783203125,0.042388916015625,0.0113067626953125,-0.0020008087158203125,0.01277923583984375,0.0093994140625,-0.0401611328125,-0.023468017578125,0.037384033203125,-0.0655517578125,-0.01446533203125,0.0113677978515625,0.0266876220703125,0.0214385986328125,0.003173828125,-0.029205322265625,0.01396942138671875,0.0036144256591796875,0.0106201171875,0.0280914306640625,0.03009033203125,0.0043182373046875,0.0200958251953125,-0.0211944580078125,-0.009765625,0.00337982177734375,-0.00878143310546875,-0.017364501953125,-0.013946533203125,0.01293182373046875,-0.032135009765625,0.005886077880859375,0.0007429122924804688,0.0174560546875,0.00608062744140625,-0.0201263427734375,0.037261962890625,-0.0219573974609375,-0.00301361083984375,0.004241943359375,-0.0006051063537597656,0.0216522216796875,0.006328582763671875,0.0159454345703125,0.02264404296875,0.0093841552734375,0.0007028579711914062,0.00423431396484375,0.0008358955383300781,0.0160064697265625,0.0096588134765625,0.0283050537109375,-0.0081329345703125,-0.032958984375,0.038055419921875,-0.0008692741394042969,0.0195465087890625,0.0037689208984375,0.003070831298828125,0.037750244140625,0.0012559890747070312,-0.0031070709228515625,0.01446533203125,0.01421356201171875,-0.0006055831909179688,0.028656005859375,-0.01209259033203125,-0.04290771484375,0.040130615234375,-0.001194000244140625,-0.00382232666015625,0.029388427734375,-0.01873779296875,-0.0160675048828125,-0.018280029296875,-0.0158843994140625,0.00637054443359375,-0.031585693359375,0.0052947998046875,0.016937255859375,-0.005420684814453125,-0.022735595703125,-0.032684326171875,0.02716064453125,0.028717041015625,0.00589752197265625,-0.004734039306640625,-0.0027008056640625,0.0021572113037109375,0.0213775634765625,-0.04205322265625,0.0171051025390625,-0.00121307373046875,0.0027008056640625,-0.0022563934326171875,0.00919342041015625,0.0421142578125,-0.0206298828125,0.01000213623046875,-0.0181427001953125,0.00383758544921875,0.005184173583984375,0.03900146484375,0.012603759765625,-0.015289306640625,-0.007305145263671875,0.023468017578125,-0.031463623046875,-0.0134124755859375,0.01690673828125,-0.0283203125,-0.0261077880859375,-0.02197265625,-0.03558349609375,0.01442718505859375,-0.0199737548828125,0.005786895751953125,0.008941650390625,0.017242431640625,0.006195068359375,-0.0303955078125,-0.00044345855712890625,0.005428314208984375,0.0033626556396484375,0.018707275390625,0.01105499267578125,-0.048492431640625,-0.00952911376953125,0.03948974609375,-0.033477783203125,0.004474639892578125,-0.043487548828125,-0.00876617431640625,0.0269012451171875,0.013580322265625,-0.0244140625,-0.005123138427734375,0.01531982421875,-0.0236663818359375,0.00432586669921875,-0.0252838134765625,0.005084991455078125,-0.032958984375,-0.0059814453125,-0.0005974769592285156,-0.0089569091796875,0.0113525390625,-0.034149169921875,0.0160369873046875,-0.00743865966796875,0.005283355712890625,0.016937255859375,0.02783203125,0.010650634765625,-0.0026493072509765625,-0.021148681640625,-0.006046295166015625,-0.0133209228515625,-0.005096435546875,0.000027477741241455078,0.038665771484375,0.00283050537109375,-0.0030307769775390625,-0.034515380859375,-0.0011606216430664062,0.0099029541015625,0.007274627685546875,-0.0014104843139648438,-0.00833892822265625,0.032470703125,0.019775390625,0.0158843994140625,0.01824951171875,-0.0294952392578125,0.02008056640625,-0.01107025146484375,-0.0175018310546875,0.0029048919677734375,0.01416778564453125,-0.0033092498779296875,0.006481170654296875,0.0203094482421875,0.01334381103515625,-0.01209259033203125,-0.0225677490234375,0.008819580078125,-0.0044403076171875,-0.00930023193359375,0.0247650146484375,0.05462646484375,0.020538330078125,0.0021839141845703125,-0.01497650146484375,-0.01491546630859375,0.0015420913696289062,-0.00981903076171875,-0.00220489501953125,0.0036640167236328125,0.0015869140625,-0.01335906982421875,-0.03021240234375,0.02191162109375,0.0095672607421875,0.0245361328125,0.0033016204833984375,-0.0059661865234375,-0.03656005859375,0.00009512901306152344,-0.0248565673828125,0.00885772705078125,-0.0129852294921875,0.0279693603515625,-0.01497650146484375,-0.0132598876953125,0.005901336669921875,0.002986907958984375,0.007106781005859375,0.0166778564453125,-0.0433349609375,0.0311126708984375,0.01529693603515625,0.02862548828125,0.0057220458984375,0.016143798828125,-0.0112152099609375,0.0222320556640625,-0.0281829833984375,-0.005496978759765625,-0.0202484130859375,-0.0175018310546875,-0.01080322265625,-0.0261993408203125,0.0104522705078125,0.030242919921875,0.001407623291015625,0.0203704833984375,0.04541015625,-0.0301055908203125,0.01050567626953125,0.0260467529296875,-0.021209716796875,-0.006938934326171875,0.0020809173583984375,0.0105743408203125,-0.00287628173828125,0.049713134765625,-0.0046234130859375,-0.041107177734375,-0.01410675048828125,-0.0015268325805664062,-0.00839996337890625,-0.0097503662109375,-0.0306549072265625,-0.01490020751953125,0.0020008087158203125,-0.005939483642578125,0.0150299072265625,-0.0316162109375,-0.01544189453125,0.025634765625,0.00286865234375,0.053070068359375,0.021728515625,-0.015960693359375,0.03106689453125,-0.023406982421875,0.0025844573974609375,-0.035736083984375,0.002178192138671875,0.02410888671875,0.025482177734375,0.00803375244140625,0.014434814453125,-0.0077667236328125,-0.01560211181640625,0.0830078125,-0.005535125732421875,-0.00437164306640625,0.0031452178955078125,0.0435791015625,-0.0161895751953125,-0.00992584228515625,-0.0122833251953125,0.0006122589111328125,0.00466156005859375,0.0262603759765625,-0.046356201171875,-0.01511383056640625,0.01751708984375,-0.0265960693359375,0.01470184326171875,0.005344390869140625,0.01055908203125,0.005413055419921875,-0.044891357421875,0.0019388198852539062,0.0134429931640625,-0.01085662841796875,-0.01690673828125,0.005344390869140625,0.023284912109375,0.00783538818359375,-0.0070648193359375,-0.047576904296875,0.01220703125,0.058319091796875,0.00391387939453125,-0.0281982421875,0.01158905029296875,0.03302001953125,-0.006320953369140625,0.0104827880859375,0.0189971923828125,-0.0005884170532226562,-0.0263214111328125,0.03594970703125,0.033203125,0.0282745361328125,0.034027099609375,-0.030487060546875,-0.004970550537109375,-0.015960693359375,-0.00243377685546875,-0.0222625732421875,-0.01090240478515625,0.039215087890625,0.01513671875,0.005428314208984375,0.003910064697265625,0.0190277099609375,0.0012063980102539062,0.0389404296875,0.030181884765625,-0.044036865234375,0.0118865966796875,-0.01308441162109375,-0.0137176513671875,0.01165008544921875,-0.00899505615234375,-0.002227783203125],0.7,[0.018890380859375,0.0158233642578125,-0.045867919921875,-0.005435943603515625,-0.04693603515625,-0.022216796875,0.012298583984375,0.029632568359375,0.003002166748046875,-0.01983642578125,0.00914764404296875,-0.040802001953125,-0.0011377334594726562,0.0302734375,-0.0281524658203125,-0.0062713623046875,-0.016632080078125,-0.013824462890625,-0.030059814453125,-0.01424407958984375,-0.027435302734375,-0.0005946159362792969,0.043487548828125,0.0026416778564453125,0.038848876953125,-0.011962890625,-0.0165252685546875,-0.01080322265625,0.04156494140625,0.01214599609375,0.025543212890625,-0.022705078125,0.0614013671875,-0.01221466064453125,0.016998291015625,0.00881195068359375,0.037506103515625,0.012969970703125,0.0279541015625,0.004436492919921875,-0.049835205078125,-0.038116455078125,-0.00437164306640625,-0.006927490234375,0.0257415771484375,0.065185546875,-0.0262603759765625,-0.0179443359375,-0.01157379150390625,0.026275634765625,-0.0159149169921875,-0.039031982421875,0.0062103271484375,-0.037353515625,0.0257415771484375,0.00952911376953125,0.051727294921875,0.0149688720703125,0.062225341796875,0.022491455078125,0.045501708984375,-0.0718994140625,0.01508331298828125,-0.0259246826171875,-0.04718017578125,-0.0249481201171875,0.022796630859375,0.0240020751953125,-0.0284881591796875,-0.022369384765625,-0.01800537109375,-0.0278167724609375,-0.0264129638671875,0.019561767578125,-0.043609619140625,-0.01194000244140625,0.01555633544921875,0.0190277099609375,0.05169677734375,-0.00012373924255371094,-0.040252685546875,0.03009033203125,-0.0225067138671875,-0.01340484619140625,0.0011196136474609375,0.004177093505859375,0.0024127960205078125,-0.0090484619140625,-0.01056671142578125,0.0014486312866210938,-0.05780029296875,0.009490966796875,0.02264404296875,0.04248046875,-0.041259765625,0.04144287109375,0.0103759765625,-0.0173187255859375,-0.045654296875,0.046417236328125,0.07550048828125,0.0114898681640625,0.023223876953125,-0.0171051025390625,-0.0194091796875,-0.077392578125,-0.09344482421875,-0.01263427734375,-0.02740478515625,0.0187530517578125,0.0430908203125,-0.05804443359375,-0.11083984375,0.014190673828125,-0.0211181640625,-0.0009489059448242188,-0.034271240234375,0.01169586181640625,0.005023956298828125,0.030426025390625,-0.041046142578125,0.00487518310546875,0.024261474609375,-0.04144287109375,-0.0191192626953125,0.033294677734375,-0.006595611572265625,0.037353515625,-0.055877685546875,-0.041168212890625,0.002254486083984375,-0.0202789306640625,0.048583984375,0.007137298583984375,0.035125732421875,-0.00605010986328125,-0.023895263671875,0.015838623046875,-0.008331298828125,-0.031829833984375,0.00031876564025878906,-0.014251708984375,0.0027904510498046875,-0.00688934326171875,-0.060028076171875,0.03631591796875,-0.01265716552734375,0.0236968994140625,-0.0263214111328125,0.026947021484375,-0.01107025146484375,0.0095367431640625,-0.030609130859375,-0.01496124267578125,-0.0036220550537109375,0.049652099609375,0.002777099609375,0.022735595703125,-0.0302734375,0.02392578125,0.0221099853515625,0.01103973388671875,-0.0184783935546875,-0.016021728515625,-0.016448974609375,-0.057342529296875,0.0152435302734375,0.024200439453125,-0.03680419921875,-0.01555633544921875,0.0311126708984375,0.0062103271484375,0.00850677490234375,-0.0433349609375,0.0077362060546875,0.028717041015625,0.027008056640625,-0.06622314453125,0.044097900390625,0.00992584228515625,0.044097900390625,0.01654052734375,-0.040618896484375,-0.0097503662109375,-0.01395416259765625,-0.0408935546875,-0.034149169921875,0.011199951171875,-0.007537841796875,-0.0460205078125,0.01163482666015625,-0.029632568359375,0.005092620849609375,-0.0049285888671875,-0.0175628662109375,-0.043792724609375,-0.0130157470703125,-0.039947509765625,0.01078033447265625,-0.0155029296875,0.040313720703125,-0.062103271484375,0.00307464599609375,0.00974273681640625,-0.0175018310546875,0.01123046875,-0.029693603515625,0.026763916015625,-0.0010557174682617188,-0.00836944580078125,0.0177154541015625,-0.0088043212890625,-0.02911376953125,0.035491943359375,0.027191162109375,0.035888671875,0.016387939453125,0.01235198974609375,-0.031890869140625,0.0164031982421875,-0.01457977294921875,0.006626129150390625,0.0008435249328613281,0.046661376953125,-0.052825927734375,0.059173583984375,-0.03619384765625,-0.007526397705078125,0.0036830902099609375,-0.00357818603515625,0.002910614013671875,-0.01190948486328125,-0.01143646240234375,-0.005855560302734375,0.0243072509765625,0.00215911865234375,-0.0017423629760742188,-0.0267486572265625,0.0033245086669921875,-0.0250244140625,-0.0049896240234375,-0.006725311279296875,-0.0216217041015625,0.0322265625,0.0214996337890625,-0.0129547119140625,0.0168914794921875,0.01397705078125,0.02447509765625,0.0279388427734375,0.03173828125,0.01316070556640625,-0.006439208984375,-0.035003662109375,-0.018890380859375,0.015380859375,-0.0355224609375,0.0299224853515625,-0.011260986328125,-0.024566650390625,0.0219268798828125,-0.0040435791015625,-0.037261962890625,-0.021484375,0.0111846923828125,0.04669189453125,0.070068359375,0.027313232421875,0.00649261474609375,-0.0241851806640625,0.0574951171875,-0.0178070068359375,-0.042388916015625,0.0372314453125,-0.022857666015625,0.00400543212890625,-0.051849365234375,0.044189453125,0.004055023193359375,0.0152130126953125,-0.0253143310546875,-0.05108642578125,-0.0325927734375,-0.0814208984375,-0.0294036865234375,-0.01119232177734375,0.040374755859375,0.032196044921875,0.0029354095458984375,0.0077362060546875,0.0234222412109375,-0.0237274169921875,0.0004734992980957031,0.017822265625,0.004390716552734375,-0.001537322998046875,0.00604248046875,-0.003314971923828125,-0.04486083984375,-0.010955810546875,0.0006422996520996094,-0.0174560546875,-0.03399658203125,0.0234222412109375,-0.0030059814453125,0.034271240234375,-0.00637054443359375,-0.033203125,-0.007305145263671875,-0.060546875,-0.00811767578125,0.0264129638671875,-0.048095703125,-0.04541015625,0.0232391357421875,-0.050750732421875,0.029632568359375,0.0226287841796875,0.023223876953125,0.00751495361328125,-0.0218048095703125,-0.055206298828125,-0.0491943359375,0.0008721351623535156,-0.018798828125,0.0158538818359375,0.0020999908447265625,-0.0218505859375,0.03955078125,0.020965576171875,-0.00534820556640625,-0.036590576171875,0.0268096923828125,-0.0247802734375,0.02459716796875,0.0419921875,-0.0016269683837890625,0.005863189697265625,0.01233673095703125,-0.0236663818359375,0.040924072265625,-0.029510498046875,0.003631591796875,-0.01137542724609375,0.02484130859375,-0.07037353515625,0.0104827880859375,-0.05938720703125,0.02447509765625,-0.0032634735107421875,0.01006317138671875,-0.0183868408203125,-0.0035552978515625,-0.011016845703125,0.0300140380859375,-0.0203857421875,0.06756591796875,0.0272216796875,-0.04095458984375,-0.035888671875,-0.0299835205078125,-0.006317138671875,0.00640106201171875,-0.0479736328125,-0.043487548828125,-0.02142333984375,0.00452423095703125,-0.003177642822265625,-0.01251220703125,-0.005046844482421875,0.0302734375,0.04132080078125,-0.00927734375,-0.0128326416015625,-0.025909423828125,-0.046173095703125,-0.0217742919921875,0.016204833984375,0.017120361328125,-0.00311279296875,-0.0115203857421875,-0.0160369873046875,-0.0215606689453125,-0.004344940185546875,0.0189666748046875,0.0014925003051757812,-0.01519775390625,0.0244140625,0.01922607421875,-0.0731201171875,-0.03594970703125,-0.0036602020263671875,0.0230865478515625,0.0291748046875,-0.00653076171875,0.045135498046875,0.047576904296875,0.04229736328125,-0.0007309913635253906,-0.01776123046875,-0.0034770965576171875,-0.00341033935546875,-0.03875732421875,0.07818603515625,-0.0197601318359375,0.0251312255859375,0.005069732666015625,0.0205535888671875,0.0215911865234375,0.035888671875,0.043212890625,-0.03826904296875,0.01654052734375,-0.021209716796875,-0.0100250244140625,-0.00983428955078125,0.00896453857421875,-0.00958251953125,0.01538848876953125,-0.0182342529296875,0.007381439208984375,-0.046600341796875,-0.0333251953125,0.0007853507995605469,-0.0204925537109375,-0.0213165283203125,-0.0240631103515625,-0.0240631103515625,0.0241851806640625,-0.0300140380859375,-0.005428314208984375,0.00616455078125,0.0121002197265625,-0.00713348388671875,0.00135040283203125,-0.03289794921875,-0.04852294921875,-0.0159759521484375,0.0177001953125,0.002910614013671875,-0.0237579345703125,0.001708984375,-0.0071258544921875,0.045135498046875,-0.009246826171875,0.007511138916015625,-0.033203125,0.041168212890625,0.01305389404296875,-0.0120391845703125,-0.014495849609375,0.003021240234375,-0.04840087890625,0.0006999969482421875,0.0251312255859375,0.005702972412109375,0.0312347412109375,-0.0704345703125,0.01361846923828125,-0.005706787109375,0.0029468536376953125,0.002857208251953125,-0.04827880859375,0.0107421875,-0.04095458984375,-0.02880859375,0.022216796875,0.03900146484375,-0.0023059844970703125,-0.0303497314453125,-0.0168914794921875,0.01302337646484375,0.062347412109375,-0.0179443359375,0.0177001953125,0.0440673828125,0.0237274169921875,-0.043121337890625,-0.037567138671875,-0.0009713172912597656,-0.005947113037109375,-0.00484466552734375,0.0244903564453125,0.006282806396484375,-0.018218994140625,0.14794921875,0.0233917236328125,0.03173828125,-0.06402587890625,-0.055694580078125,0.0276031494140625,-0.0501708984375,0.043212890625,-0.00606536865234375,0.03387451171875,0.040374755859375,-0.01021575927734375,-0.00262451171875,-0.025421142578125,0.016357421875,0.0169830322265625,-0.047393798828125,0.038604736328125,-0.03033447265625,0.0152130126953125,-0.003021240234375,0.006702423095703125,0.01161956787109375,0.01436614990234375,0.0447998046875,0.0014333724975585938,0.018951416015625,0.01093292236328125,-0.0029659271240234375,-0.01230621337890625,-0.0035152435302734375,-0.006725311279296875,0.036895751953125,-0.018035888671875,-0.0032558441162109375,0.01678466796875,0.00424957275390625,0.0222320556640625,0.009490966796875,0.00843048095703125,0.00385284423828125,-0.010406494140625,-0.056304931640625,-0.006244659423828125,-0.0168914794921875,0.0256195068359375,0.0330810546875,0.0008234977722167969,0.0133819580078125,-0.0095977783203125,-0.050384521484375,0.0137481689453125,-0.0175933837890625,-0.0111846923828125,0.0172119140625,0.0290985107421875,-0.021728515625,-0.00649261474609375,-0.01227569580078125,-0.040740966796875,0.03302001953125,0.0182647705078125,0.0038547515869140625,0.02838134765625,0.022857666015625,0.0400390625,0.016632080078125,0.0189056396484375,0.007259368896484375,0.008941650390625,-0.0138397216796875,-0.0264434814453125,-0.0178985595703125,-0.0299835205078125,-0.033172607421875,-0.006439208984375,0.020050048828125,-0.0227508544921875,-0.00859832763671875,-0.0006198883056640625,0.0180816650390625,-0.0177764892578125,-0.00833892822265625,-0.053497314453125,-0.033966064453125,-0.079833984375,0.039031982421875,-0.00894927978515625,0.0576171875,0.0232086181640625,-0.0257568359375,0.069091796875,-0.01221466064453125,0.020050048828125,-0.026580810546875,0.00809478759765625,-0.02294921875,-0.01390838623046875,-0.0170745849609375,-0.0516357421875,-0.016357421875,-0.0105438232421875,-0.0248260498046875,-0.005527496337890625,0.0088958740234375,0.0280303955078125,-0.003810882568359375,0.006866455078125,0.00244140625,0.01480865478515625,0.0015611648559570312,-0.0016527175903320312,0.03594970703125,0.0023059844970703125,-0.0186004638671875,-0.004726409912109375,0.01922607421875,0.0162200927734375,0.03271484375,-0.039886474609375,-0.03955078125,0.00922393798828125,-0.0021038055419921875,-0.0137176513671875,-0.0308990478515625,0.016265869140625,0.054443359375,0.0012712478637695312,0.035003662109375,-0.048248291015625,0.01082611083984375,0.0037212371826171875,0.0106658935546875,0.005786895751953125,0.0235137939453125,-0.01242828369140625,0.0352783203125,0.00949859619140625,-0.024261474609375,-0.0096282958984375,0.0005121231079101562,-0.00722503662109375,-0.03533935546875,0.006793975830078125,-0.01511383056640625,-0.0130462646484375,-0.0023899078369140625,0.0005354881286621094,0.02587890625,0.040618896484375,-0.012542724609375,0.007061004638671875,-0.0217742919921875,-0.049407958984375,0.0010137557983398438,-0.004894256591796875,0.02545166015625,0.01134490966796875,-0.059356689453125,0.0092010498046875,0.00258636474609375,0.01953125,0.024444580078125,-0.0027561187744140625,-0.0026493072509765625,0.0499267578125,-0.003360748291015625,0.00572967529296875,-0.0094757080078125,0.005031585693359375,0.03265380859375,-0.0328369140625,0.02276611328125,-0.00922393798828125,-0.0221405029296875,0.0082244873046875,-0.02764892578125,0.00611114501953125,0.01033782958984375,0.01617431640625,0.0361328125,0.0244140625,-0.00909423828125,0.0156707763671875,0.026092529296875,0.052886962890625,0.0226898193359375,-0.015960693359375,0.0009012222290039062,-0.016693115234375,-0.026519775390625,0.0072784423828125,-0.0237884521484375,-0.038848876953125,0.034332275390625,-0.0126953125,0.0457763671875,-0.0198974609375,-0.046356201171875,-0.0175933837890625,-0.00112152099609375,0.01560211181640625,0.0426025390625,0.004535675048828125,-0.0038890838623046875,-0.016326904296875,-0.005764007568359375,-0.003215789794921875,-0.037841796875,-0.00157928466796875,-0.036041259765625,0.045623779296875,0.006778717041015625,0.0101165771484375,0.07818603515625,0.00958251953125,0.01158905029296875,0.019622802734375,0.028839111328125,-0.01446533203125,-0.01849365234375,-0.0136566162109375,-0.03912353515625,-0.0216064453125,-0.005252838134765625,0.0192413330078125,0.0184783935546875,-0.019744873046875,-0.00672149658203125,0.0232086181640625,0.0252838134765625,0.0187225341796875,0.023773193359375,-0.00226593017578125,0.00044989585876464844,0.0099945068359375,-0.017730712890625,-0.044769287109375,0.0196990966796875,0.00452423095703125,0.00852203369140625,0.007740020751953125,0.012451171875,-0.0097198486328125,-0.032867431640625,-0.020904541015625,-0.025604248046875,-0.00649261474609375,-0.001399993896484375,0.0225830078125,0.00408172607421875,-0.0166168212890625,-0.0277557373046875,0.0172119140625,-0.038665771484375,0.006275177001953125,0.0308380126953125,0.0014095306396484375,0.01519775390625,0.0015649795532226562,0.025146484375,0.004711151123046875,0.030426025390625,-0.0249786376953125,0.01546478271484375,-0.00583648681640625,0.003932952880859375,-0.06500244140625,-0.0234527587890625,0.0265045166015625,-0.03607177734375,0.013641357421875,-0.00653839111328125,0.0257568359375,-0.0022106170654296875,0.036468505859375,0.00592803955078125,0.0157318115234375,0.0085601806640625,0.0148773193359375,0.0019817352294921875,0.0011310577392578125,-0.0035400390625,-0.0299530029296875,-0.0010786056518554688,0.04278564453125,-0.06536865234375,-0.0277862548828125,0.0129547119140625,0.0219573974609375,0.0169219970703125,-0.037689208984375,-0.0091705322265625,0.002597808837890625,-0.00024962425231933594,0.029388427734375,0.0215301513671875,-0.01232147216796875,0.0161895751953125,-0.00934600830078125,0.0105133056640625,-0.0335693359375,-0.0230560302734375,-0.00562286376953125,0.00417327880859375,-0.0009016990661621094,0.00926971435546875,-0.005107879638671875,-0.0418701171875,-0.00728607177734375,0.0394287109375,-0.00440216064453125,-0.026458740234375,0.051605224609375,0.0264129638671875,0.0083770751953125,-0.007411956787109375,-0.039947509765625,0.0001533031463623047,-0.01174163818359375,0.01464080810546875,-0.050506591796875,0.0194549560546875,-0.019683837890625,-0.0184173583984375,-0.0222015380859375,0.01385498046875,0.033843994140625,0.0164794921875,-0.0076904296875,0.045654296875,-0.00661468505859375,0.0246429443359375,0.0197296142578125,0.01678466796875,-0.0195159912109375,0.01174163818359375,0.023834228515625,-0.00963592529296875,-0.00921630859375,0.01154327392578125,-0.01009368896484375,0.00537109375,0.0106048583984375,0.006805419921875,-0.0340576171875,0.0312347412109375,-0.00315093994140625,0.006290435791015625,-0.020721435546875,-0.0023517608642578125,-0.0277557373046875,0.02813720703125,0.01076507568359375,0.036956787109375,0.0149383544921875,-0.00748443603515625,-0.026947021484375,-0.01308441162109375,0.00926971435546875,0.01546478271484375,-0.0098724365234375,0.0171966552734375,-0.002788543701171875,-0.01409149169921875,-0.047332763671875,-0.0065155029296875,-0.022491455078125,-0.0089111328125,-0.02099609375,-0.0227508544921875,0.007244110107421875,0.019287109375,0.040924072265625,-0.02227783203125,-0.017730712890625,0.049530029296875,-0.040618896484375,0.00855255126953125,-0.0120391845703125,-0.023345947265625,0.00994873046875,-0.003704071044921875,0.051025390625,-0.0012454986572265625,-0.0035495758056640625,-0.0160369873046875,-0.019500732421875,-0.036285400390625,-0.00865936279296875,0.0252532958984375,-0.00782012939453125,0.043487548828125,0.005214691162109375,0.012908935546875,0.034942626953125,-0.01317596435546875,0.03887939453125,0.0019083023071289062,0.0205841064453125,0.00853729248046875,-0.03973388671875,0.042266845703125,0.029937744140625,-0.0021038055419921875,-0.0361328125,-0.033843994140625,-0.035064697265625,-0.004085540771484375,-0.01555633544921875,-0.0265350341796875,-0.0045166015625,-0.008453369140625,0.036956787109375,-0.0177154541015625,-0.05615234375,0.0143890380859375,0.00323486328125,0.03363037109375,-0.0200653076171875,0.0257415771484375,0.0284423828125,0.0228118896484375,-0.001766204833984375,0.03350830078125,0.0116119384765625,0.005809783935546875,-0.012420654296875,-0.029449462890625,-0.04876708984375,0.029449462890625,0.001232147216796875,0.007537841796875,0.031951904296875,-0.01247406005859375,0.006011962890625,-0.0447998046875,0.0276641845703125,0.02410888671875,0.004390716552734375,0.00606536865234375,-0.0025119781494140625,0.0321044921875,0.0067901611328125,-0.00867462158203125,0.029022216796875,0.005672454833984375,-0.01349639892578125,0.003971099853515625,-0.0017499923706054688,-0.0160980224609375,-0.0093841552734375,-0.00952911376953125,0.036041259765625,-0.041168212890625,-0.0085906982421875,0.004680633544921875,-0.01244354248046875,-0.043243408203125,-0.01071929931640625,-0.004901885986328125,-0.0048675537109375,-0.00606536865234375,0.00533294677734375,-0.0155029296875,-0.0394287109375,0.007091522216796875,0.038787841796875,-0.0026111602783203125,-0.00278472900390625,-0.00646209716796875,0.0096588134765625,-0.0203857421875,0.017425537109375,-0.01313018798828125,-0.0033283233642578125,-0.03570556640625,-0.01036834716796875,-0.0256195068359375,-0.00739288330078125,-0.030364990234375,-0.0011739730834960938,-0.01181793212890625,0.0031280517578125,0.023406982421875,-0.00640869140625,0.04107666015625,0.0269775390625,-0.0037250518798828125,-0.01043701171875,0.0325927734375,0.050201416015625,-0.007495880126953125,0.01146697998046875,-0.0096282958984375,-0.00875091552734375,-0.004627227783203125,0.00452423095703125,0.038116455078125,-0.0214996337890625,0.050079345703125,0.0107269287109375,-0.018402099609375,0.027496337890625,0.03863525390625,-0.0269775390625,0.034576416015625,0.018280029296875,0.0004906654357910156,-0.025146484375,0.00836181640625,0.013641357421875,0.0118865966796875,-0.0249786376953125,-0.054107666015625,-0.0168304443359375,0.01255035400390625,0.00020110607147216797,-0.017059326171875,-0.0039825439453125,0.033966064453125,0.06353759765625,0.0164031982421875,0.026702880859375,0.06634521484375,-0.01000213623046875,0.001911163330078125,-0.0036678314208984375,0.03594970703125,0.00411224365234375,-0.031463623046875,-0.0011577606201171875,-0.0017871856689453125,-0.016632080078125,-0.021484375,-0.02166748046875,-0.005886077880859375,0.0060882568359375,-0.04144287109375,0.0244140625,-0.00612640380859375,0.002475738525390625,-0.01461029052734375,0.01174163818359375,0.02398681640625,-0.0294952392578125,0.0162506103515625,-0.0269927978515625,0.007411956787109375,0.006824493408203125,-0.0245361328125,-0.008392333984375,0.007904052734375,0.00002777576446533203,-0.0521240234375,0.0121612548828125,-0.00040531158447265625,0.016021728515625,-0.027069091796875,0.0478515625,0.0076141357421875,-0.034454345703125,-0.01111602783203125,0.00940704345703125,-0.0025730133056640625,-0.0120391845703125,0.004718780517578125,0.00885772705078125,-0.0014400482177734375,0.024444580078125,0.01471710205078125,0.01751708984375,-0.0062713623046875,-0.0089263916015625,0.0037136077880859375,-0.01215362548828125,-0.0071868896484375,0.019439697265625,0.00421142578125,0.01068878173828125,0.0029087066650390625,-0.005825042724609375,0.00691986083984375,-0.0080108642578125,-0.0196380615234375,0.01023101806640625,0.012420654296875,0.0310821533203125,-0.01110076904296875,0.024139404296875,-0.005519866943359375,-0.037750244140625,-0.0033321380615234375,0.00177001953125,-0.0265655517578125,-0.0263824462890625,0.0340576171875,-0.00870513916015625,0.01076507568359375,0.045379638671875,0.053802490234375,-0.00046324729919433594,0.038116455078125,0.01277923583984375,0.016632080078125,-0.013519287109375,0.002628326416015625,-0.014190673828125,0.005451202392578125,0.05291748046875,-0.01264190673828125,0.008209228515625,-0.002349853515625,-0.0171356201171875,-0.007785797119140625,-0.0096588134765625,-0.01898193359375,0.0012044906616210938,0.030548095703125,-0.01097869873046875,0.004886627197265625,0.001049041748046875,0.01812744140625,-0.0204925537109375,0.026641845703125,0.00536346435546875,0.0295562744140625,0.0159454345703125,0.01275634765625,0.0147247314453125,0.015472412109375,0.0278167724609375,0.0479736328125,-0.0107421875,0.00788116455078125,-0.0024776458740234375,-0.0203704833984375,0.004199981689453125,-0.0001417398452758789,0.010467529296875,-0.030242919921875,0.0025691986083984375,0.0067596435546875,-0.003360748291015625,0.039794921875,0.00891876220703125,0.004154205322265625,-0.032318115234375,-0.050506591796875,-0.019500732421875,-0.02154541015625,0.0287322998046875,-0.005489349365234375,0.01146697998046875,-0.0162506103515625,0.03253173828125,-0.0040740966796875,-0.025421142578125,-0.0023555755615234375,0.020660400390625,-0.0291748046875,-0.034637451171875,0.0540771484375,-0.018341064453125,0.0017547607421875,-0.0323486328125,-0.031951904296875,0.0231781005859375,0.0096435546875,-0.005107879638671875,-0.006435394287109375,-0.00902557373046875,0.0282135009765625,0.00945281982421875,0.017578125,0.040130615234375,0.0171051025390625,0.004711151123046875,-0.0157623291015625,-0.034454345703125,-0.0200958251953125,-0.0184173583984375,0.0267181396484375,-0.0083770751953125,0.040374755859375,-0.0047760009765625,-0.01387786865234375,0.0048675537109375,-0.00482177734375,0.00490570068359375,0.034210205078125,0.026153564453125,-0.00936126708984375,0.037689208984375,0.02099609375,0.0015344619750976562,-0.0169677734375,0.0034637451171875,-0.0028896331787109375,-0.031890869140625,0.027374267578125,-0.05511474609375,-0.034698486328125,-0.0299835205078125,-0.0006475448608398438,0.01446533203125,-0.0034275054931640625,0.005413055419921875,-0.0225677490234375,-0.04095458984375,-0.01499176025390625,-0.0352783203125,0.042388916015625,0.0113067626953125,-0.0020008087158203125,0.01277923583984375,0.0093994140625,-0.0401611328125,-0.023468017578125,0.037384033203125,-0.0655517578125,-0.01446533203125,0.0113677978515625,0.0266876220703125,0.0214385986328125,0.003173828125,-0.029205322265625,0.01396942138671875,0.0036144256591796875,0.0106201171875,0.0280914306640625,0.03009033203125,0.0043182373046875,0.0200958251953125,-0.0211944580078125,-0.009765625,0.00337982177734375,-0.00878143310546875,-0.017364501953125,-0.013946533203125,0.01293182373046875,-0.032135009765625,0.005886077880859375,0.0007429122924804688,0.0174560546875,0.00608062744140625,-0.0201263427734375,0.037261962890625,-0.0219573974609375,-0.00301361083984375,0.004241943359375,-0.0006051063537597656,0.0216522216796875,0.006328582763671875,0.0159454345703125,0.02264404296875,0.0093841552734375,0.0007028579711914062,0.00423431396484375,0.0008358955383300781,0.0160064697265625,0.0096588134765625,0.0283050537109375,-0.0081329345703125,-0.032958984375,0.038055419921875,-0.0008692741394042969,0.0195465087890625,0.0037689208984375,0.003070831298828125,0.037750244140625,0.0012559890747070312,-0.0031070709228515625,0.01446533203125,0.01421356201171875,-0.0006055831909179688,0.028656005859375,-0.01209259033203125,-0.04290771484375,0.040130615234375,-0.001194000244140625,-0.00382232666015625,0.029388427734375,-0.01873779296875,-0.0160675048828125,-0.018280029296875,-0.0158843994140625,0.00637054443359375,-0.031585693359375,0.0052947998046875,0.016937255859375,-0.005420684814453125,-0.022735595703125,-0.032684326171875,0.02716064453125,0.028717041015625,0.00589752197265625,-0.004734039306640625,-0.0027008056640625,0.0021572113037109375,0.0213775634765625,-0.04205322265625,0.0171051025390625,-0.00121307373046875,0.0027008056640625,-0.0022563934326171875,0.00919342041015625,0.0421142578125,-0.0206298828125,0.01000213623046875,-0.0181427001953125,0.00383758544921875,0.005184173583984375,0.03900146484375,0.012603759765625,-0.015289306640625,-0.007305145263671875,0.023468017578125,-0.031463623046875,-0.0134124755859375,0.01690673828125,-0.0283203125,-0.0261077880859375,-0.02197265625,-0.03558349609375,0.01442718505859375,-0.0199737548828125,0.005786895751953125,0.008941650390625,0.017242431640625,0.006195068359375,-0.0303955078125,-0.00044345855712890625,0.005428314208984375,0.0033626556396484375,0.018707275390625,0.01105499267578125,-0.048492431640625,-0.00952911376953125,0.03948974609375,-0.033477783203125,0.004474639892578125,-0.043487548828125,-0.00876617431640625,0.0269012451171875,0.013580322265625,-0.0244140625,-0.005123138427734375,0.01531982421875,-0.0236663818359375,0.00432586669921875,-0.0252838134765625,0.005084991455078125,-0.032958984375,-0.0059814453125,-0.0005974769592285156,-0.0089569091796875,0.0113525390625,-0.034149169921875,0.0160369873046875,-0.00743865966796875,0.005283355712890625,0.016937255859375,0.02783203125,0.010650634765625,-0.0026493072509765625,-0.021148681640625,-0.006046295166015625,-0.0133209228515625,-0.005096435546875,0.000027477741241455078,0.038665771484375,0.00283050537109375,-0.0030307769775390625,-0.034515380859375,-0.0011606216430664062,0.0099029541015625,0.007274627685546875,-0.0014104843139648438,-0.00833892822265625,0.032470703125,0.019775390625,0.0158843994140625,0.01824951171875,-0.0294952392578125,0.02008056640625,-0.01107025146484375,-0.0175018310546875,0.0029048919677734375,0.01416778564453125,-0.0033092498779296875,0.006481170654296875,0.0203094482421875,0.01334381103515625,-0.01209259033203125,-0.0225677490234375,0.008819580078125,-0.0044403076171875,-0.00930023193359375,0.0247650146484375,0.05462646484375,0.020538330078125,0.0021839141845703125,-0.01497650146484375,-0.01491546630859375,0.0015420913696289062,-0.00981903076171875,-0.00220489501953125,0.0036640167236328125,0.0015869140625,-0.01335906982421875,-0.03021240234375,0.02191162109375,0.0095672607421875,0.0245361328125,0.0033016204833984375,-0.0059661865234375,-0.03656005859375,0.00009512901306152344,-0.0248565673828125,0.00885772705078125,-0.0129852294921875,0.0279693603515625,-0.01497650146484375,-0.0132598876953125,0.005901336669921875,0.002986907958984375,0.007106781005859375,0.0166778564453125,-0.0433349609375,0.0311126708984375,0.01529693603515625,0.02862548828125,0.0057220458984375,0.016143798828125,-0.0112152099609375,0.0222320556640625,-0.0281829833984375,-0.005496978759765625,-0.0202484130859375,-0.0175018310546875,-0.01080322265625,-0.0261993408203125,0.0104522705078125,0.030242919921875,0.001407623291015625,0.0203704833984375,0.04541015625,-0.0301055908203125,0.01050567626953125,0.0260467529296875,-0.021209716796875,-0.006938934326171875,0.0020809173583984375,0.0105743408203125,-0.00287628173828125,0.049713134765625,-0.0046234130859375,-0.041107177734375,-0.01410675048828125,-0.0015268325805664062,-0.00839996337890625,-0.0097503662109375,-0.0306549072265625,-0.01490020751953125,0.0020008087158203125,-0.005939483642578125,0.0150299072265625,-0.0316162109375,-0.01544189453125,0.025634765625,0.00286865234375,0.053070068359375,0.021728515625,-0.015960693359375,0.03106689453125,-0.023406982421875,0.0025844573974609375,-0.035736083984375,0.002178192138671875,0.02410888671875,0.025482177734375,0.00803375244140625,0.014434814453125,-0.0077667236328125,-0.01560211181640625,0.0830078125,-0.005535125732421875,-0.00437164306640625,0.0031452178955078125,0.0435791015625,-0.0161895751953125,-0.00992584228515625,-0.0122833251953125,0.0006122589111328125,0.00466156005859375,0.0262603759765625,-0.046356201171875,-0.01511383056640625,0.01751708984375,-0.0265960693359375,0.01470184326171875,0.005344390869140625,0.01055908203125,0.005413055419921875,-0.044891357421875,0.0019388198852539062,0.0134429931640625,-0.01085662841796875,-0.01690673828125,0.005344390869140625,0.023284912109375,0.00783538818359375,-0.0070648193359375,-0.047576904296875,0.01220703125,0.058319091796875,0.00391387939453125,-0.0281982421875,0.01158905029296875,0.03302001953125,-0.006320953369140625,0.0104827880859375,0.0189971923828125,-0.0005884170532226562,-0.0263214111328125,0.03594970703125,0.033203125,0.0282745361328125,0.034027099609375,-0.030487060546875,-0.004970550537109375,-0.015960693359375,-0.00243377685546875,-0.0222625732421875,-0.01090240478515625,0.039215087890625,0.01513671875,0.005428314208984375,0.003910064697265625,0.0190277099609375,0.0012063980102539062,0.0389404296875,0.030181884765625,-0.044036865234375,0.0118865966796875,-0.01308441162109375,-0.0137176513671875,0.01165008544921875,-0.00899505615234375,-0.002227783203125],10\n    at e1.queryWithCache (/var/task/apps/web/.next/server/chunks/ssr/packages_db_src_client_ts_0h_y6nn._.js:28:37283)\n    at process.processTicksAndRejections (node:internal/process/task_queues:104:5)\n    at async /var/task/apps/web/.next/server/chunks/ssr/packages_db_src_client_ts_0h_y6nn._.js:28:39692\n    at async aN (/var/task/apps/web/.next/server/chunks/ssr/[root-of-the-server]__0jh~o.b._.js:2:2253)\n    at async tu (/var/task/apps/web/.next/server/chunks/ssr/[root-of-the-server]__0jh~o.b._.js:77:91898)\n    at async /var/task/apps/web/.next/server/chunks/ssr/[root-of-the-server]__0x392a2._.js:1:14487\n    at async rP (/var/task/node_modules/.pnpm/next@16.2.4_@babel+core@7.29.0_@opentelemetry+api@1.9.0_@playwright+test@1.59.1_react-d_f5c778017381b354a97b07a9312bbdc9/node_modules/next/dist/compiled/next-server/app-page-turbo.runtime.prod.js:16:2271)\n    at async /var/task/node_modules/.pnpm/next@16.2.4_@babel+core@7.29.0_@opentelemetry+api@1.9.0_@playwright+test@1.59.1_react-d_f5c778017381b354a97b07a9312bbdc9/node_modules/next/dist/compiled/next-server/app-page-turbo.runtime.prod.js:16:671\n    at async rx (/var/task/node_modules/.pnpm/next@16.2.4_@babel+core@7.29.0_@opentelemetry+api@1.9.0_@playwright+test@1.59.1_react-d_f5c778017381b354a97b07a9312bbdc9/node_modules/next/dist/compiled/next-server/app-page-turbo.runtime.prod.js:14:14435)\n    at async lP (/var/task/node_modules/.pnpm/next@16.2.4_@babel+core@7.29.0_@opentelemetry+api@1.9.0_@playwright+test@1.59.1_react-d_f5c778017381b354a97b07a9312bbdc9/node_modules/next/dist/compiled/next-server/app-page-turbo.runtime.prod.js:51:28238)","name":"Error"},"projectId":"11111111-1111-1111-1111-111111111101","segmentId":"d8226c21-0167-4f76-a576-8fa1c8bda54e","message":"翻訳メモリの類似検索に失敗しました"}
2026-06-30 18:49:50.196 [info] {"level":"info","time":"2026-06-30T18:49:50.191Z","pid":4,"hostname":"169.254.14.19","application":"FORMAWORK.ai","environment":"development","service":"web","codeLocation":"getSegmentAssistAction","deploymentId":"dpl_F8QL6ayXna1tA6XzSvmLJ8H2tv8a","gitCommitSha":"8c68000a1f715c741ff0588d0b4a7226ae7a6999","hostname":"formawork-ai-q71wc5ct2-harusame-dev-team.vercel.app","ipAddress":"120.75.60.66","requestId":"35389663-7514-4311-b9d7-b44aa4ec281b","userAgent":"Mozilla/5.0 (Macintosh; Intel Mac OS X 10_15_7) AppleWebKit/537.36 (KHTML, like Gecko) Chrome/149.0.0.0 Safari/537.36","userId":"6379a96c-b8fb-4885-8b7d-5096e34ed0ac","message":"getSegmentAssistAction 成功"}
2026-06-30 18:49:49.819 [info] {"level":"info","time":"2026-06-30T18:49:49.818Z","pid":4,"hostname":"169.254.14.19","application":"FORMAWORK.ai","environment":"development","service":"web","codeLocation":"getSegmentAssistAction","deploymentId":"dpl_F8QL6ayXna1tA6XzSvmLJ8H2tv8a","gitCommitSha":"8c68000a1f715c741ff0588d0b4a7226ae7a6999","hostname":"formawork-ai-q71wc5ct2-harusame-dev-team.vercel.app","ipAddress":"120.75.60.66","requestId":"35389663-7514-4311-b9d7-b44aa4ec281b","userAgent":"Mozilla/5.0 (Macintosh; Intel Mac OS X 10_15_7) AppleWebKit/537.36 (KHTML, like Gecko) Chrome/149.0.0.0 Safari/537.36","userId":"6379a96c-b8fb-4885-8b7d-5096e34ed0ac","input":{"projectId":"11111111-1111-1111-1111-111111111101","segmentId":"d8226c21-0167-4f76-a576-8fa1c8bda54e"},"message":"getSegmentAssistAction を実行"}

---

supabase cli でアクセスできないだっけ

---

お願い